Hand:,RIGHT
V1:,df_tl
V2:,pf_bl
V3:,pnf_c
V4:,pnf_br
Left:,pnf_tr
Right:,pnf_tl
ID,Timestamp,isSubmitting,isCheckingCube,CurrentV1,CurrentV2,CurrentV3,CurrentV4,CurrentLeft,CurrentRight,Draging,isV1Correct,isV2Correct,isV3Correct,isV4Correct,isLeftCorrect,isRightCorrect,HandPosX,HandPosY
,8.243421,0,0,NA,NA,NA,NA,NA,NA,NA,0,0,0,0,0,0,0,0
,8.243421,0,0,NA,NA,NA,NA,NA,NA,NA,0,0,0,0,0,0,0,0
,8.263421,0,0,NA,NA,NA,NA,NA,NA,NA,0,0,0,0,0,0,0,0
,8.265861,0,0,NA,NA,NA,NA,NA,NA,NA,0,0,0,0,0,0,0,0
,8.267262,0,0,NA,NA,NA,NA,NA,NA,NA,0,0,0,0,0,0,0,0
,8.269405,0,0,NA,NA,NA,NA,NA,NA,NA,0,0,0,0,0,0,0,0
,8.270813,0,0,NA,NA,NA,NA,NA,NA,NA,0,0,0,0,0,0,0,0
,8.272293,0,0,NA,NA,NA,NA,NA,NA,NA,0,0,0,0,0,0,0,0
,8.273797,0,0,NA,NA,NA,NA,NA,NA,NA,0,0,0,0,0,0,0,0
,8.275126,0,0,NA,NA,NA,NA,NA,NA,NA,0,0,0,0,0,0,0,0
,8.2765,0,0,NA,NA,NA,NA,NA,NA,NA,0,0,0,0,0,0,0,0
,8.277874,0,0,NA,NA,NA,NA,NA,NA,NA,0,0,0,0,0,0,0,0
,8.279368,0,0,NA,NA,NA,NA,NA,NA,NA,0,0,0,0,0,0,0,0
,8.280764,0,0,NA,NA,NA,NA,NA,NA,NA,0,0,0,0,0,0,0,0
,8.282431,0,0,NA,NA,NA,NA,NA,NA,NA,0,0,0,0,0,0,0,0
,8.28405,0,0,NA,NA,NA,NA,NA,NA,NA,0,0,0,0,0,0,0,0
,8.285852,0,0,NA,NA,NA,NA,NA,NA,NA,0,0,0,0,0,0,0,0
,8.287305,0,0,NA,NA,NA,NA,NA,NA,NA,0,0,0,0,0,0,0,0
,8.288824,0,0,NA,NA,NA,NA,NA,NA,NA,0,0,0,0,0,0,0,0
,8.290134,0,0,NA,NA,NA,NA,NA,NA,NA,0,0,0,0,0,0,0,0
,8.291531,0,0,NA,NA,NA,NA,NA,NA,NA,0,0,0,0,0,0,0,0
,8.292884,0,0,NA,NA,NA,NA,NA,NA,NA,0,0,0,0,0,0,0,0
,8.294238,0,0,NA,NA,NA,NA,NA,NA,NA,0,0,0,0,0,0,0,0
,8.295748,0,0,NA,NA,NA,NA,NA,NA,NA,0,0,0,0,0,0,0,0
,8.297048,0,0,NA,NA,NA,NA,NA,NA,NA,0,0,0,0,0,0,0,0
,8.298325,0,0,NA,NA,NA,NA,NA,NA,NA,0,0,0,0,0,0,0,0
,8.299786,0,0,NA,NA,NA,NA,NA,NA,NA,0,0,0,0,0,0,0,0
,8.301255,0,0,NA,NA,NA,NA,NA,NA,NA,0,0,0,0,0,0,0,0
,8.302762,0,0,NA,NA,NA,NA,NA,NA,NA,0,0,0,0,0,0,0,0
,8.304107,0,0,NA,NA,NA,NA,NA,NA,NA,0,0,0,0,0,0,0,0
,8.305408,0,0,NA,NA,NA,NA,NA,NA,NA,0,0,0,0,0,0,0,0
,8.306997,0,0,NA,NA,NA,NA,NA,NA,NA,0,0,0,0,0,0,0,0
,8.308219,0,0,NA,NA,NA,NA,NA,NA,NA,0,0,0,0,0,0,0,0
,8.309785,0,0,NA,NA,NA,NA,NA,NA,NA,0,0,0,0,0,0,0,0
,8.311105,0,0,NA,NA,NA,NA,NA,NA,NA,0,0,0,0,0,0,0,0
,8.312476,0,0,NA,NA,NA,NA,NA,NA,NA,0,0,0,0,0,0,0,0
,8.313804,0,0,NA,NA,NA,NA,NA,NA,NA,0,0,0,0,0,0,0,0
,8.315081,0,0,NA,NA,NA,NA,NA,NA,NA,0,0,0,0,0,0,0,0
,8.316389,0,0,NA,NA,NA,NA,NA,NA,NA,0,0,0,0,0,0,0,0
,8.317925,0,0,NA,NA,NA,NA,NA,NA,NA,0,0,0,0,0,0,0,0
,8.319798,0,0,NA,NA,NA,NA,NA,NA,NA,0,0,0,0,0,0,0,0
,8.321244,0,0,NA,NA,NA,NA,NA,NA,NA,0,0,0,0,0,0,0,0
,8.322761,0,0,NA,NA,NA,NA,NA,NA,NA,0,0,0,0,0,0,0,0
,8.324186,0,0,NA,NA,NA,NA,NA,NA,NA,0,0,0,0,0,0,0,0
,8.325526,0,0,NA,NA,NA,NA,NA,NA,NA,0,0,0,0,0,0,0,0
,8.326855,0,0,NA,NA,NA,NA,NA,NA,NA,0,0,0,0,0,0,0,0
,8.328212,0,0,NA,NA,NA,NA,NA,NA,NA,0,0,0,0,0,0,0,0
,8.329744,0,0,NA,NA,NA,NA,NA,NA,NA,0,0,0,0,0,0,0,0
,8.331111,0,0,NA,NA,NA,NA,NA,NA,NA,0,0,0,0,0,0,0,0
,8.332454,0,0,NA,NA,NA,NA,NA,NA,NA,0,0,0,0,0,0,0,0
,8.333761,0,0,NA,NA,NA,NA,NA,NA,NA,0,0,0,0,0,0,0,0
,8.335128,0,0,NA,NA,NA,NA,NA,NA,NA,0,0,0,0,0,0,0,0
,8.336467,0,0,NA,NA,NA,NA,NA,NA,NA,0,0,0,0,0,0,0,0
,8.337772,0,0,NA,NA,NA,NA,NA,NA,NA,0,0,0,0,0,0,0,0
,8.339181,0,0,NA,NA,NA,NA,NA,NA,NA,0,0,0,0,0,0,0,0
,8.34071,0,0,NA,NA,NA,NA,NA,NA,NA,0,0,0,0,0,0,0,0
,8.342231,0,0,NA,NA,NA,NA,NA,NA,NA,0,0,0,0,0,0,0,0
,8.343669,0,0,NA,NA,NA,NA,NA,NA,NA,0,0,0,0,0,0,0,0
,8.345024,0,0,NA,NA,NA,NA,NA,NA,NA,0,0,0,0,0,0,0,0
,8.346328,0,0,NA,NA,NA,NA,NA,NA,NA,0,0,0,0,0,0,0,0
,8.347836,0,0,NA,NA,NA,NA,NA,NA,NA,0,0,0,0,0,0,0,0
,8.349364,0,0,NA,NA,NA,NA,NA,NA,NA,0,0,0,0,0,0,0,0
,8.350756,0,0,NA,NA,NA,NA,NA,NA,NA,0,0,0,0,0,0,0,0
,8.35209,0,0,NA,NA,NA,NA,NA,NA,NA,0,0,0,0,0,0,0,0
,8.353454,0,0,NA,NA,NA,NA,NA,NA,NA,0,0,0,0,0,0,0,0
,8.354861,0,0,NA,NA,NA,NA,NA,NA,NA,0,0,0,0,0,0,0,0
,8.356269,0,0,NA,NA,NA,NA,NA,NA,NA,0,0,0,0,0,0,0,0
,8.357782,0,0,NA,NA,NA,NA,NA,NA,NA,0,0,0,0,0,0,0,0
,8.359184,0,0,NA,NA,NA,NA,NA,NA,NA,0,0,0,0,0,0,0,0
,8.360501,0,0,NA,NA,NA,NA,NA,NA,NA,0,0,0,0,0,0,0,0
,8.36195,0,0,NA,NA,NA,NA,NA,NA,NA,0,0,0,0,0,0,0,0
,8.363267,0,0,NA,NA,NA,NA,NA,NA,NA,0,0,0,0,0,0,0,0
,8.365158,0,0,NA,NA,NA,NA,NA,NA,NA,0,0,0,0,0,0,0,0
,8.366504,0,0,NA,NA,NA,NA,NA,NA,NA,0,0,0,0,0,0,0,0
,8.367822,0,0,NA,NA,NA,NA,NA,NA,NA,0,0,0,0,0,0,0,0
,8.369289,0,0,NA,NA,NA,NA,NA,NA,NA,0,0,0,0,0,0,0,0
,8.370757,0,0,NA,NA,NA,NA,NA,NA,NA,0,0,0,0,0,0,0,0
,8.372084,0,0,NA,NA,NA,NA,NA,NA,NA,0,0,0,0,0,0,0,0
,8.373161,0,0,NA,NA,NA,NA,NA,NA,NA,0,0,0,0,0,0,0,0
,8.374459,0,0,NA,NA,NA,NA,NA,NA,NA,0,0,0,0,0,0,0,0
,8.375987,0,0,NA,NA,NA,NA,NA,NA,NA,0,0,0,0,0,0,0,0
,8.377173,0,0,NA,NA,NA,NA,NA,NA,NA,0,0,0,0,0,0,0,0
,8.378526,0,0,NA,NA,NA,NA,NA,NA,NA,0,0,0,0,0,0,0,0
,8.379816,0,0,NA,NA,NA,NA,NA,NA,NA,0,0,0,0,0,0,0,0
,8.381416,0,0,NA,NA,NA,NA,NA,NA,NA,0,0,0,0,0,0,0,0
,8.382913,0,0,NA,NA,NA,NA,NA,NA,NA,0,0,0,0,0,0,0,0
,8.384252,0,0,NA,NA,NA,NA,NA,NA,NA,0,0,0,0,0,0,0,0
,8.385741,0,0,NA,NA,NA,NA,NA,NA,NA,0,0,0,0,0,0,0,0
,8.387092,0,0,NA,NA,NA,NA,NA,NA,NA,0,0,0,0,0,0,0,0
,8.38839,0,0,NA,NA,NA,NA,NA,NA,NA,0,0,0,0,0,0,0,0
,8.390042,0,0,NA,NA,NA,NA,NA,NA,NA,0,0,0,0,0,0,0,0
,8.391236,0,0,NA,NA,NA,NA,NA,NA,NA,0,0,0,0,0,0,0,0
,8.392718,0,0,NA,NA,NA,NA,NA,NA,NA,0,0,0,0,0,0,0,0
,8.394041,0,0,NA,NA,NA,NA,NA,NA,NA,0,0,0,0,0,0,0,0
,8.395358,0,0,NA,NA,NA,NA,NA,NA,NA,0,0,0,0,0,0,0,0
,8.397266,0,0,NA,NA,NA,NA,NA,NA,NA,0,0,0,0,0,0,0,0
,8.398881,0,0,NA,NA,NA,NA,NA,NA,NA,0,0,0,0,0,0,0,0
,8.40029,0,0,NA,NA,NA,NA,NA,NA,NA,0,0,0,0,0,0,0,0
,8.401768,0,0,NA,NA,NA,NA,NA,NA,NA,0,0,0,0,0,0,0,0
,8.403052,0,0,NA,NA,NA,NA,NA,NA,NA,0,0,0,0,0,0,0,0
,8.404399,0,0,NA,NA,NA,NA,NA,NA,NA,0,0,0,0,0,0,0,0
,8.405777,0,0,NA,NA,NA,NA,NA,NA,NA,0,0,0,0,0,0,0,0
,8.407104,0,0,NA,NA,NA,NA,NA,NA,NA,0,0,0,0,0,0,0,0
,8.408431,0,0,NA,NA,NA,NA,NA,NA,NA,0,0,0,0,0,0,0,0
,8.409789,0,0,NA,NA,NA,NA,NA,NA,NA,0,0,0,0,0,0,0,0
,8.411139,0,0,NA,NA,NA,NA,NA,NA,NA,0,0,0,0,0,0,0,0
,8.412409,0,0,NA,NA,NA,NA,NA,NA,NA,0,0,0,0,0,0,0,0
,8.413755,0,0,NA,NA,NA,NA,NA,NA,NA,0,0,0,0,0,0,0,0
,8.415092,0,0,NA,NA,NA,NA,NA,NA,NA,0,0,0,0,0,0,0,0
,8.416464,0,0,NA,NA,NA,NA,NA,NA,NA,0,0,0,0,0,0,0,0
,8.41787,0,0,NA,NA,NA,NA,NA,NA,NA,0,0,0,0,0,0,0,0
,8.419173,0,0,NA,NA,NA,NA,NA,NA,NA,0,0,0,0,0,0,0,0
,8.4205,0,0,NA,NA,NA,NA,NA,NA,NA,0,0,0,0,0,0,0,0
,8.422017,0,0,NA,NA,NA,NA,NA,NA,NA,0,0,0,0,0,0,0,0
,8.423383,0,0,NA,NA,NA,NA,NA,NA,NA,0,0,0,0,0,0,0,0
,8.424785,0,0,NA,NA,NA,NA,NA,NA,NA,0,0,0,0,0,0,0,0
,8.426112,0,0,NA,NA,NA,NA,NA,NA,NA,0,0,0,0,0,0,0,0
,8.427402,0,0,NA,NA,NA,NA,NA,NA,NA,0,0,0,0,0,0,0,0
,8.429034,0,0,NA,NA,NA,NA,NA,NA,NA,0,0,0,0,0,0,0,0
,8.430387,0,0,NA,NA,NA,NA,NA,NA,NA,0,0,0,0,0,0,0,0
,8.431777,0,0,NA,NA,NA,NA,NA,NA,NA,0,0,0,0,0,0,0,0
,8.433145,0,0,NA,NA,NA,NA,NA,NA,NA,0,0,0,0,0,0,0,0
,8.434696,0,0,NA,NA,NA,NA,NA,NA,NA,0,0,0,0,0,0,0,0
,8.436001,0,0,NA,NA,NA,NA,NA,NA,NA,0,0,0,0,0,0,0,0
,8.437385,0,0,NA,NA,NA,NA,NA,NA,NA,0,0,0,0,0,0,0,0
,8.438863,0,0,NA,NA,NA,NA,NA,NA,NA,0,0,0,0,0,0,0,0
,8.440199,0,0,NA,NA,NA,NA,NA,NA,NA,0,0,0,0,0,0,0,0
,8.44199,0,0,NA,NA,NA,NA,NA,NA,NA,0,0,0,0,0,0,0,0
,8.4434,0,0,NA,NA,NA,NA,NA,NA,NA,0,0,0,0,0,0,0,0
,8.448241,0,0,NA,NA,NA,NA,NA,NA,NA,0,0,0,0,0,0,0,0
,8.449988,0,0,NA,NA,NA,NA,NA,NA,NA,0,0,0,0,0,0,0,0
,8.451408,0,0,NA,NA,NA,NA,NA,NA,NA,0,0,0,0,0,0,0,0
,8.452903,0,0,NA,NA,NA,NA,NA,NA,NA,0,0,0,0,0,0,0,0
,8.454374,0,0,NA,NA,NA,NA,NA,NA,NA,0,0,0,0,0,0,0,0
,8.455933,0,0,NA,NA,NA,NA,NA,NA,NA,0,0,0,0,0,0,0,0
,8.457242,0,0,NA,NA,NA,NA,NA,NA,NA,0,0,0,0,0,0,0,0
,8.458733,0,0,NA,NA,NA,NA,NA,NA,NA,0,0,0,0,0,0,0,0
,8.46022,0,0,NA,NA,NA,NA,NA,NA,NA,0,0,0,0,0,0,0,0
,8.461809,0,0,NA,NA,NA,NA,NA,NA,NA,0,0,0,0,0,0,0,0
,8.46314,0,0,NA,NA,NA,NA,NA,NA,NA,0,0,0,0,0,0,0,0
,8.464449,0,0,NA,NA,NA,NA,NA,NA,NA,0,0,0,0,0,0,0,0
,8.465751,0,0,NA,NA,NA,NA,NA,NA,NA,0,0,0,0,0,0,0,0
,8.467123,0,0,NA,NA,NA,NA,NA,NA,NA,0,0,0,0,0,0,0,0
,8.468436,0,0,NA,NA,NA,NA,NA,NA,NA,0,0,0,0,0,0,0,0
,8.469768,0,0,NA,NA,NA,NA,NA,NA,NA,0,0,0,0,0,0,0,0
,8.47106,0,0,NA,NA,NA,NA,NA,NA,NA,0,0,0,0,0,0,0,0
,8.472376,0,0,NA,NA,NA,NA,NA,NA,NA,0,0,0,0,0,0,0,0
,8.47363,0,0,NA,NA,NA,NA,NA,NA,NA,0,0,0,0,0,0,0,0
,8.474721,0,0,NA,NA,NA,NA,NA,NA,NA,0,0,0,0,0,0,0,0
,8.476069,0,0,NA,NA,NA,NA,NA,NA,NA,0,0,0,0,0,0,0,0
,8.477457,0,0,NA,NA,NA,NA,NA,NA,NA,0,0,0,0,0,0,0,0
,8.47883,0,0,NA,NA,NA,NA,NA,NA,NA,0,0,0,0,0,0,0,0
,8.480124,0,0,NA,NA,NA,NA,NA,NA,NA,0,0,0,0,0,0,0,0
,8.481779,0,0,NA,NA,NA,NA,NA,NA,NA,0,0,0,0,0,0,0,0
,8.483129,0,0,NA,NA,NA,NA,NA,NA,NA,0,0,0,0,0,0,0,0
,8.484428,0,0,NA,NA,NA,NA,NA,NA,NA,0,0,0,0,0,0,0,0
,8.485796,0,0,NA,NA,NA,NA,NA,NA,NA,0,0,0,0,0,0,0,0
,8.487125,0,0,NA,NA,NA,NA,NA,NA,NA,0,0,0,0,0,0,0,0
,8.488421,0,0,NA,NA,NA,NA,NA,NA,NA,0,0,0,0,0,0,0,0
,8.48973,0,0,NA,NA,NA,NA,NA,NA,NA,0,0,0,0,0,0,0,0
,8.491078,0,0,NA,NA,NA,NA,NA,NA,NA,0,0,0,0,0,0,0,0
,8.492736,0,0,NA,NA,NA,NA,NA,NA,NA,0,0,0,0,0,0,0,0
,8.494145,0,0,NA,NA,NA,NA,NA,NA,NA,0,0,0,0,0,0,0,0
,8.495737,0,0,NA,NA,NA,NA,NA,NA,NA,0,0,0,0,0,0,0,0
,8.497062,0,0,NA,NA,NA,NA,NA,NA,NA,0,0,0,0,0,0,0,0
,8.498431,0,0,NA,NA,NA,NA,NA,NA,NA,0,0,0,0,0,0,0,0
,8.499734,0,0,NA,NA,NA,NA,NA,NA,NA,0,0,0,0,0,0,0,0
,8.501058,0,0,NA,NA,NA,NA,NA,NA,NA,0,0,0,0,0,0,0,0
,8.502704,0,0,NA,NA,NA,NA,NA,NA,NA,0,0,0,0,0,0,0,0
,8.504093,0,0,NA,NA,NA,NA,NA,NA,NA,0,0,0,0,0,0,0,0
,8.505369,0,0,NA,NA,NA,NA,NA,NA,NA,0,0,0,0,0,0,0,0
,8.506827,0,0,NA,NA,NA,NA,NA,NA,NA,0,0,0,0,0,0,0,0
,8.50848,0,0,NA,NA,NA,NA,NA,NA,NA,0,0,0,0,0,0,0,0
,8.509838,0,0,NA,NA,NA,NA,NA,NA,NA,0,0,0,0,0,0,0,0
,8.511271,0,0,NA,NA,NA,NA,NA,NA,NA,0,0,0,0,0,0,0,0
,8.512818,0,0,NA,NA,NA,NA,NA,NA,NA,0,0,0,0,0,0,0,0
,8.514148,0,0,NA,NA,NA,NA,NA,NA,NA,0,0,0,0,0,0,0,0
,8.515248,0,0,NA,NA,NA,NA,NA,NA,NA,0,0,0,0,0,0,0,0
,8.51678,0,0,NA,NA,NA,NA,NA,NA,NA,0,0,0,0,0,0,0,0
,8.518184,0,0,NA,NA,NA,NA,NA,NA,NA,0,0,0,0,0,0,0,0
,8.519509,0,0,NA,NA,NA,NA,NA,NA,NA,0,0,0,0,0,0,0,0
,8.520858,0,0,NA,NA,NA,NA,NA,NA,NA,0,0,0,0,0,0,0,0
,8.522346,0,0,NA,NA,NA,NA,NA,NA,NA,0,0,0,0,0,0,0,0
,8.524112,0,0,NA,NA,NA,NA,NA,NA,NA,0,0,0,0,0,0,0,0
,8.525403,0,0,NA,NA,NA,NA,NA,NA,NA,0,0,0,0,0,0,0,0
,8.526587,0,0,NA,NA,NA,NA,NA,NA,NA,0,0,0,0,0,0,0,0
,8.527903,0,0,NA,NA,NA,NA,NA,NA,NA,0,0,0,0,0,0,0,0
,8.529364,0,0,NA,NA,NA,NA,NA,NA,NA,0,0,0,0,0,0,0,0
,8.530982,0,0,NA,NA,NA,NA,NA,NA,NA,0,0,0,0,0,0,0,0
,8.532189,0,0,NA,NA,NA,NA,NA,NA,NA,0,0,0,0,0,0,0,0
,8.53352,0,0,NA,NA,NA,NA,NA,NA,NA,0,0,0,0,0,0,0,0
,8.534858,0,0,NA,NA,NA,NA,NA,NA,NA,0,0,0,0,0,0,0,0
,8.53626,0,0,NA,NA,NA,NA,NA,NA,NA,0,0,0,0,0,0,0,0
,8.537816,0,0,NA,NA,NA,NA,NA,NA,NA,0,0,0,0,0,0,0,0
,8.539169,0,0,NA,NA,NA,NA,NA,NA,NA,0,0,0,0,0,0,0,0
,8.540697,0,0,NA,NA,NA,NA,NA,NA,NA,0,0,0,0,0,0,0,0
,8.542182,0,0,NA,NA,NA,NA,NA,NA,NA,0,0,0,0,0,0,0,0
,8.543721,0,0,NA,NA,NA,NA,NA,NA,NA,0,0,0,0,0,0,0,0
,8.54508,0,0,NA,NA,NA,NA,NA,NA,NA,0,0,0,0,0,0,0,0
,8.546489,0,0,NA,NA,NA,NA,NA,NA,NA,0,0,0,0,0,0,0,0
,8.547838,0,0,NA,NA,NA,NA,NA,NA,NA,0,0,0,0,0,0,0,0
,8.549269,0,0,NA,NA,NA,NA,NA,NA,NA,0,0,0,0,0,0,0,0
,8.550776,0,0,NA,NA,NA,NA,NA,NA,NA,0,0,0,0,0,0,0,0
,8.552088,0,0,NA,NA,NA,NA,NA,NA,NA,0,0,0,0,0,0,0,0
,8.553399,0,0,NA,NA,NA,NA,NA,NA,NA,0,0,0,0,0,0,0,0
,8.554753,0,0,NA,NA,NA,NA,NA,NA,NA,0,0,0,0,0,0,0,0
,8.556248,0,0,NA,NA,NA,NA,NA,NA,NA,0,0,0,0,0,0,0,0
,8.557785,0,0,NA,NA,NA,NA,NA,NA,NA,0,0,0,0,0,0,0,0
,8.559279,0,0,NA,NA,NA,NA,NA,NA,NA,0,0,0,0,0,0,0,0
,8.560847,0,0,NA,NA,NA,NA,NA,NA,NA,0,0,0,0,0,0,0,0
,8.5623,0,0,NA,NA,NA,NA,NA,NA,NA,0,0,0,0,0,0,0,0
,8.563862,0,0,NA,NA,NA,NA,NA,NA,NA,0,0,0,0,0,0,0,0
,8.565187,0,0,NA,NA,NA,NA,NA,NA,NA,0,0,0,0,0,0,0,0
,8.566501,0,0,NA,NA,NA,NA,NA,NA,NA,0,0,0,0,0,0,0,0
,8.567823,0,0,NA,NA,NA,NA,NA,NA,NA,0,0,0,0,0,0,0,0
,8.569122,0,0,NA,NA,NA,NA,NA,NA,NA,0,0,0,0,0,0,0,0
,8.570937,0,0,NA,NA,NA,NA,NA,NA,NA,0,0,0,0,0,0,0,0
,8.572517,0,0,NA,NA,NA,NA,NA,NA,NA,0,0,0,0,0,0,0,0
,8.573997,0,0,NA,NA,NA,NA,NA,NA,NA,0,0,0,0,0,0,0,0
,8.575346,0,0,NA,NA,NA,NA,NA,NA,NA,0,0,0,0,0,0,0,0
,8.576376,0,0,NA,NA,NA,NA,NA,NA,NA,0,0,0,0,0,0,0,0
,8.577433,0,0,NA,NA,NA,NA,NA,NA,NA,0,0,0,0,0,0,0,0
,8.578758,0,0,NA,NA,NA,NA,NA,NA,NA,0,0,0,0,0,0,0,0
,8.580142,0,0,NA,NA,NA,NA,NA,NA,NA,0,0,0,0,0,0,0,0
,8.582316,0,0,NA,NA,NA,NA,NA,NA,NA,0,0,0,0,0,0,0,0
,8.583802,0,0,NA,NA,NA,NA,NA,NA,NA,0,0,0,0,0,0,0,0
,8.585198,0,0,NA,NA,NA,NA,NA,NA,NA,0,0,0,0,0,0,0,0
,8.586452,0,0,NA,NA,NA,NA,NA,NA,NA,0,0,0,0,0,0,0,0
,8.587821,0,0,NA,NA,NA,NA,NA,NA,NA,0,0,0,0,0,0,0,0
,8.58915,0,0,NA,NA,NA,NA,NA,NA,NA,0,0,0,0,0,0,0,0
,8.590512,0,0,NA,NA,NA,NA,NA,NA,NA,0,0,0,0,0,0,0,0
,8.591871,0,0,NA,NA,NA,NA,NA,NA,NA,0,0,0,0,0,0,0,0
,8.593218,0,0,NA,NA,NA,NA,NA,NA,NA,0,0,0,0,0,0,0,0
,8.594511,0,0,NA,NA,NA,NA,NA,NA,NA,0,0,0,0,0,0,0,0
,8.595862,0,0,NA,NA,NA,NA,NA,NA,NA,0,0,0,0,0,0,0,0
,8.597376,0,0,NA,NA,NA,NA,NA,NA,NA,0,0,0,0,0,0,0,0
,8.598767,0,0,NA,NA,NA,NA,NA,NA,NA,0,0,0,0,0,0,0,0
,8.600092,0,0,NA,NA,NA,NA,NA,NA,NA,0,0,0,0,0,0,0,0
,8.601776,0,0,NA,NA,NA,NA,NA,NA,NA,0,0,0,0,0,0,0,0
,8.603139,0,0,NA,NA,NA,NA,NA,NA,NA,0,0,0,0,0,0,0,0
,8.604529,0,0,NA,NA,NA,NA,NA,NA,NA,0,0,0,0,0,0,0,0
,8.60584,0,0,NA,NA,NA,NA,NA,NA,NA,0,0,0,0,0,0,0,0
,8.607208,0,0,NA,NA,NA,NA,NA,NA,NA,0,0,0,0,0,0,0,0
,8.608691,0,0,NA,NA,NA,NA,NA,NA,NA,0,0,0,0,0,0,0,0
,8.610061,0,0,NA,NA,NA,NA,NA,NA,NA,0,0,0,0,0,0,0,0
,8.611382,0,0,NA,NA,NA,NA,NA,NA,NA,0,0,0,0,0,0,0,0
,8.612933,0,0,NA,NA,NA,NA,NA,NA,NA,0,0,0,0,0,0,0,0
,8.614988,0,0,NA,NA,NA,NA,NA,NA,NA,0,0,0,0,0,0,0,0
,8.616584,0,0,NA,NA,NA,NA,NA,NA,NA,0,0,0,0,0,0,0,0
,8.618235,0,0,NA,NA,NA,NA,NA,NA,NA,0,0,0,0,0,0,0,0
,8.619912,0,0,NA,NA,NA,NA,NA,NA,NA,0,0,0,0,0,0,0,0
,8.621283,0,0,NA,NA,NA,NA,NA,NA,NA,0,0,0,0,0,0,0,0
,8.622812,0,0,NA,NA,NA,NA,NA,NA,NA,0,0,0,0,0,0,0,0
,8.624207,0,0,NA,NA,NA,NA,NA,NA,NA,0,0,0,0,0,0,0,0
,8.625651,0,0,NA,NA,NA,NA,NA,NA,NA,0,0,0,0,0,0,0,0
,8.626758,0,0,NA,NA,NA,NA,NA,NA,NA,0,0,0,0,0,0,0,0
,8.62814,0,0,NA,NA,NA,NA,NA,NA,NA,0,0,0,0,0,0,0,0
,8.629193,0,0,NA,NA,NA,NA,NA,NA,NA,0,0,0,0,0,0,0,0
,8.631055,0,0,NA,NA,NA,NA,NA,NA,NA,0,0,0,0,0,0,0,0
,8.632872,0,0,NA,NA,NA,NA,NA,NA,NA,0,0,0,0,0,0,0,0
,8.634471,0,0,NA,NA,NA,NA,NA,NA,NA,0,0,0,0,0,0,0,0
,8.635872,0,0,NA,NA,NA,NA,NA,NA,NA,0,0,0,0,0,0,0,0
,8.636969,0,0,NA,NA,NA,NA,NA,NA,NA,0,0,0,0,0,0,0,0
,8.63799,0,0,NA,NA,NA,NA,NA,NA,NA,0,0,0,0,0,0,0,0
,8.639068,0,0,NA,NA,NA,NA,NA,NA,NA,0,0,0,0,0,0,0,0
,8.640402,0,0,NA,NA,NA,NA,NA,NA,NA,0,0,0,0,0,0,0,0
,8.6416,0,0,NA,NA,NA,NA,NA,NA,NA,0,0,0,0,0,0,0,0
,8.642649,0,0,NA,NA,NA,NA,NA,NA,NA,0,0,0,0,0,0,0,0
,8.643665,0,0,NA,NA,NA,NA,NA,NA,NA,0,0,0,0,0,0,0,0
,8.644743,0,0,NA,NA,NA,NA,NA,NA,NA,0,0,0,0,0,0,0,0
,8.64576,0,0,NA,NA,NA,NA,NA,NA,NA,0,0,0,0,0,0,0,0
,8.649638,0,0,NA,NA,NA,NA,NA,NA,NA,0,0,0,0,0,0,0,0
,8.650747,0,0,NA,NA,NA,NA,NA,NA,NA,0,0,0,0,0,0,0,0
,8.652353,0,0,NA,NA,NA,NA,NA,NA,NA,0,0,0,0,0,0,0,0
,8.653715,0,0,NA,NA,NA,NA,NA,NA,NA,0,0,0,0,0,0,0,0
,8.654756,0,0,NA,NA,NA,NA,NA,NA,NA,0,0,0,0,0,0,0,0
,8.655783,0,0,NA,NA,NA,NA,NA,NA,NA,0,0,0,0,0,0,0,0
,8.656811,0,0,NA,NA,NA,NA,NA,NA,NA,0,0,0,0,0,0,0,0
,8.657863,0,0,NA,NA,NA,NA,NA,NA,NA,0,0,0,0,0,0,0,0
,8.658911,0,0,NA,NA,NA,NA,NA,NA,NA,0,0,0,0,0,0,0,0
,8.660002,0,0,NA,NA,NA,NA,NA,NA,NA,0,0,0,0,0,0,0,0
,8.661286,0,0,NA,NA,NA,NA,NA,NA,NA,0,0,0,0,0,0,0,0
,8.662311,0,0,NA,NA,NA,NA,NA,NA,NA,0,0,0,0,0,0,0,0
,8.663307,0,0,NA,NA,NA,NA,NA,NA,NA,0,0,0,0,0,0,0,0
,8.664381,0,0,NA,NA,NA,NA,NA,NA,NA,0,0,0,0,0,0,0,0
,8.665498,0,0,NA,NA,NA,NA,NA,NA,NA,0,0,0,0,0,0,0,0
,8.666565,0,0,NA,NA,NA,NA,NA,NA,NA,0,0,0,0,0,0,0,0
,8.667666,0,0,NA,NA,NA,NA,NA,NA,NA,0,0,0,0,0,0,0,0
,8.668729,0,0,NA,NA,NA,NA,NA,NA,NA,0,0,0,0,0,0,0,0
,8.669747,0,0,NA,NA,NA,NA,NA,NA,NA,0,0,0,0,0,0,0,0
,8.670754,0,0,NA,NA,NA,NA,NA,NA,NA,0,0,0,0,0,0,0,0
,8.671785,0,0,NA,NA,NA,NA,NA,NA,NA,0,0,0,0,0,0,0,0
,8.672802,0,0,NA,NA,NA,NA,NA,NA,NA,0,0,0,0,0,0,0,0
,8.673974,0,0,NA,NA,NA,NA,NA,NA,NA,0,0,0,0,0,0,0,0
,8.674999,0,0,NA,NA,NA,NA,NA,NA,NA,0,0,0,0,0,0,0,0
,8.676068,0,0,NA,NA,NA,NA,NA,NA,NA,0,0,0,0,0,0,0,0
,8.677108,0,0,NA,NA,NA,NA,NA,NA,NA,0,0,0,0,0,0,0,0
,8.678128,0,0,NA,NA,NA,NA,NA,NA,NA,0,0,0,0,0,0,0,0
,8.679133,0,0,NA,NA,NA,NA,NA,NA,NA,0,0,0,0,0,0,0,0
,8.680237,0,0,NA,NA,NA,NA,NA,NA,NA,0,0,0,0,0,0,0,0
,8.681358,0,0,NA,NA,NA,NA,NA,NA,NA,0,0,0,0,0,0,0,0
,8.682399,0,0,NA,NA,NA,NA,NA,NA,NA,0,0,0,0,0,0,0,0
,8.68354,0,0,NA,NA,NA,NA,NA,NA,NA,0,0,0,0,0,0,0,0
,8.684581,0,0,NA,NA,NA,NA,NA,NA,NA,0,0,0,0,0,0,0,0
,8.685653,0,0,NA,NA,NA,NA,NA,NA,NA,0,0,0,0,0,0,0,0
,8.6867,0,0,NA,NA,NA,NA,NA,NA,NA,0,0,0,0,0,0,0,0
,8.687705,0,0,NA,NA,NA,NA,NA,NA,NA,0,0,0,0,0,0,0,0
,8.688718,0,0,NA,NA,NA,NA,NA,NA,NA,0,0,0,0,0,0,0,0
,8.689735,0,0,NA,NA,NA,NA,NA,NA,NA,0,0,0,0,0,0,0,0
,8.690737,0,0,NA,NA,NA,NA,NA,NA,NA,0,0,0,0,0,0,0,0
,8.691763,0,0,NA,NA,NA,NA,NA,NA,NA,0,0,0,0,0,0,0,0
,8.692855,0,0,NA,NA,NA,NA,NA,NA,NA,0,0,0,0,0,0,0,0
,8.693884,0,0,NA,NA,NA,NA,NA,NA,NA,0,0,0,0,0,0,0,0
,8.694918,0,0,NA,NA,NA,NA,NA,NA,NA,0,0,0,0,0,0,0,0
,8.695931,0,0,NA,NA,NA,NA,NA,NA,NA,0,0,0,0,0,0,0,0
,8.696997,0,0,NA,NA,NA,NA,NA,NA,NA,0,0,0,0,0,0,0,0
,8.6981,0,0,NA,NA,NA,NA,NA,NA,NA,0,0,0,0,0,0,0,0
,8.699244,0,0,NA,NA,NA,NA,NA,NA,NA,0,0,0,0,0,0,0,0
,8.700338,0,0,NA,NA,NA,NA,NA,NA,NA,0,0,0,0,0,0,0,0
,8.701534,0,0,NA,NA,NA,NA,NA,NA,NA,0,0,0,0,0,0,0,0
,8.70259,0,0,NA,NA,NA,NA,NA,NA,NA,0,0,0,0,0,0,0,0
,8.703644,0,0,NA,NA,NA,NA,NA,NA,NA,0,0,0,0,0,0,0,0
,8.704679,0,0,NA,NA,NA,NA,NA,NA,NA,0,0,0,0,0,0,0,0
,8.705764,0,0,NA,NA,NA,NA,NA,NA,NA,0,0,0,0,0,0,0,0
,8.706825,0,0,NA,NA,NA,NA,NA,NA,NA,0,0,0,0,0,0,0,0
,8.707865,0,0,NA,NA,NA,NA,NA,NA,NA,0,0,0,0,0,0,0,0
,8.708879,0,0,NA,NA,NA,NA,NA,NA,NA,0,0,0,0,0,0,0,0
,8.709896,0,0,NA,NA,NA,NA,NA,NA,NA,0,0,0,0,0,0,0,0
,8.710999,0,0,NA,NA,NA,NA,NA,NA,NA,0,0,0,0,0,0,0,0
,8.712034,0,0,NA,NA,NA,NA,NA,NA,NA,0,0,0,0,0,0,0,0
,8.713051,0,0,NA,NA,NA,NA,NA,NA,NA,0,0,0,0,0,0,0,0
,8.714079,0,0,NA,NA,NA,NA,NA,NA,NA,0,0,0,0,0,0,0,0
,8.715151,0,0,NA,NA,NA,NA,NA,NA,NA,0,0,0,0,0,0,0,0
,8.716203,0,0,NA,NA,NA,NA,NA,NA,NA,0,0,0,0,0,0,0,0
,8.717236,0,0,NA,NA,NA,NA,NA,NA,NA,0,0,0,0,0,0,0,0
,8.718421,0,0,NA,NA,NA,NA,NA,NA,NA,0,0,0,0,0,0,0,0
,8.719467,0,0,NA,NA,NA,NA,NA,NA,NA,0,0,0,0,0,0,0,0
,8.720521,0,0,NA,NA,NA,NA,NA,NA,NA,0,0,0,0,0,0,0,0
,8.721673,0,0,NA,NA,NA,NA,NA,NA,NA,0,0,0,0,0,0,0,0
,8.722692,0,0,NA,NA,NA,NA,NA,NA,NA,0,0,0,0,0,0,0,0
,8.72372,0,0,NA,NA,NA,NA,NA,NA,NA,0,0,0,0,0,0,0,0
,8.724745,0,0,NA,NA,NA,NA,NA,NA,NA,0,0,0,0,0,0,0,0
,8.725763,0,0,NA,NA,NA,NA,NA,NA,NA,0,0,0,0,0,0,0,0
,8.726932,0,0,NA,NA,NA,NA,NA,NA,NA,0,0,0,0,0,0,0,0
,8.727967,0,0,NA,NA,NA,NA,NA,NA,NA,0,0,0,0,0,0,0,0
,8.728992,0,0,NA,NA,NA,NA,NA,NA,NA,0,0,0,0,0,0,0,0
,8.730018,0,0,NA,NA,NA,NA,NA,NA,NA,0,0,0,0,0,0,0,0
,8.731121,0,0,NA,NA,NA,NA,NA,NA,NA,0,0,0,0,0,0,0,0
,8.732132,0,0,NA,NA,NA,NA,NA,NA,NA,0,0,0,0,0,0,0,0
,8.733146,0,0,NA,NA,NA,NA,NA,NA,NA,0,0,0,0,0,0,0,0
,8.73416,0,0,NA,NA,NA,NA,NA,NA,NA,0,0,0,0,0,0,0,0
,8.735213,0,0,NA,NA,NA,NA,NA,NA,NA,0,0,0,0,0,0,0,0
,8.736239,0,0,NA,NA,NA,NA,NA,NA,NA,0,0,0,0,0,0,0,0
,8.737336,0,0,NA,NA,NA,NA,NA,NA,NA,0,0,0,0,0,0,0,0
,8.738359,0,0,NA,NA,NA,NA,NA,NA,NA,0,0,0,0,0,0,0,0
,8.739381,0,0,NA,NA,NA,NA,NA,NA,NA,0,0,0,0,0,0,0,0
,8.740419,0,0,NA,NA,NA,NA,NA,NA,NA,0,0,0,0,0,0,0,0
,8.741549,0,0,NA,NA,NA,NA,NA,NA,NA,0,0,0,0,0,0,0,0
,8.742544,0,0,NA,NA,NA,NA,NA,NA,NA,0,0,0,0,0,0,0,0
,8.743965,0,0,NA,NA,NA,NA,NA,NA,NA,0,0,0,0,0,0,0,0
,8.745029,0,0,NA,NA,NA,NA,NA,NA,NA,0,0,0,0,0,0,0,0
,8.746133,0,0,NA,NA,NA,NA,NA,NA,NA,0,0,0,0,0,0,0,0
,8.747184,0,0,NA,NA,NA,NA,NA,NA,NA,0,0,0,0,0,0,0,0
,8.748201,0,0,NA,NA,NA,NA,NA,NA,NA,0,0,0,0,0,0,0,0
,8.749214,0,0,NA,NA,NA,NA,NA,NA,NA,0,0,0,0,0,0,0,0
,8.750227,0,0,NA,NA,NA,NA,NA,NA,NA,0,0,0,0,0,0,0,0
,8.751273,0,0,NA,NA,NA,NA,NA,NA,NA,0,0,0,0,0,0,0,0
,8.752315,0,0,NA,NA,NA,NA,NA,NA,NA,0,0,0,0,0,0,0,0
,8.753457,0,0,NA,NA,NA,NA,NA,NA,NA,0,0,0,0,0,0,0,0
,8.754522,0,0,NA,NA,NA,NA,NA,NA,NA,0,0,0,0,0,0,0,0
,8.755552,0,0,NA,NA,NA,NA,NA,NA,NA,0,0,0,0,0,0,0,0
,8.756575,0,0,NA,NA,NA,NA,NA,NA,NA,0,0,0,0,0,0,0,0
,8.757594,0,0,NA,NA,NA,NA,NA,NA,NA,0,0,0,0,0,0,0,0
,8.758599,0,0,NA,NA,NA,NA,NA,NA,NA,0,0,0,0,0,0,0,0
,8.759604,0,0,NA,NA,NA,NA,NA,NA,NA,0,0,0,0,0,0,0,0
,8.760626,0,0,NA,NA,NA,NA,NA,NA,NA,0,0,0,0,0,0,0,0
,8.761778,0,0,NA,NA,NA,NA,NA,NA,NA,0,0,0,0,0,0,0,0
,8.762912,0,0,NA,NA,NA,NA,NA,NA,NA,0,0,0,0,0,0,0,0
,8.764153,0,0,NA,NA,NA,NA,NA,NA,NA,0,0,0,0,0,0,0,0
,8.765212,0,0,NA,NA,NA,NA,NA,NA,NA,0,0,0,0,0,0,0,0
,8.766315,0,0,NA,NA,NA,NA,NA,NA,NA,0,0,0,0,0,0,0,0
,8.767354,0,0,NA,NA,NA,NA,NA,NA,NA,0,0,0,0,0,0,0,0
,8.768359,0,0,NA,NA,NA,NA,NA,NA,NA,0,0,0,0,0,0,0,0
,8.76942,0,0,NA,NA,NA,NA,NA,NA,NA,0,0,0,0,0,0,0,0
,8.770455,0,0,NA,NA,NA,NA,NA,NA,NA,0,0,0,0,0,0,0,0
,8.771507,0,0,NA,NA,NA,NA,NA,NA,NA,0,0,0,0,0,0,0,0
,8.772533,0,0,NA,NA,NA,NA,NA,NA,NA,0,0,0,0,0,0,0,0
,8.773542,0,0,NA,NA,NA,NA,NA,NA,NA,0,0,0,0,0,0,0,0
,8.774608,0,0,NA,NA,NA,NA,NA,NA,NA,0,0,0,0,0,0,0,0
,8.775652,0,0,NA,NA,NA,NA,NA,NA,NA,0,0,0,0,0,0,0,0
,8.776668,0,0,NA,NA,NA,NA,NA,NA,NA,0,0,0,0,0,0,0,0
,8.777728,0,0,NA,NA,NA,NA,NA,NA,NA,0,0,0,0,0,0,0,0
,8.77882,0,0,NA,NA,NA,NA,NA,NA,NA,0,0,0,0,0,0,0,0
,8.77986,0,0,NA,NA,NA,NA,NA,NA,NA,0,0,0,0,0,0,0,0
,8.780914,0,0,NA,NA,NA,NA,NA,NA,NA,0,0,0,0,0,0,0,0
,8.78206,0,0,NA,NA,NA,NA,NA,NA,NA,0,0,0,0,0,0,0,0
,8.783061,0,0,NA,NA,NA,NA,NA,NA,NA,0,0,0,0,0,0,0,0
,8.784081,0,0,NA,NA,NA,NA,NA,NA,NA,0,0,0,0,0,0,0,0
,8.785089,0,0,NA,NA,NA,NA,NA,NA,NA,0,0,0,0,0,0,0,0
,8.78608,0,0,NA,NA,NA,NA,NA,NA,NA,0,0,0,0,0,0,0,0
,8.7871,0,0,NA,NA,NA,NA,NA,NA,NA,0,0,0,0,0,0,0,0
,8.788234,0,0,NA,NA,NA,NA,NA,NA,NA,0,0,0,0,0,0,0,0
,8.789281,0,0,NA,NA,NA,NA,NA,NA,NA,0,0,0,0,0,0,0,0
,8.790356,0,0,NA,NA,NA,NA,NA,NA,NA,0,0,0,0,0,0,0,0
,8.791434,0,0,NA,NA,NA,NA,NA,NA,NA,0,0,0,0,0,0,0,0
,8.792534,0,0,NA,NA,NA,NA,NA,NA,NA,0,0,0,0,0,0,0,0
,8.793548,0,0,NA,NA,NA,NA,NA,NA,NA,0,0,0,0,0,0,0,0
,8.794806,0,0,NA,NA,NA,NA,NA,NA,NA,0,0,0,0,0,0,0,0
,8.795819,0,0,NA,NA,NA,NA,NA,NA,NA,0,0,0,0,0,0,0,0
,8.796851,0,0,NA,NA,NA,NA,NA,NA,NA,0,0,0,0,0,0,0,0
,8.797894,0,0,NA,NA,NA,NA,NA,NA,NA,0,0,0,0,0,0,0,0
,8.798981,0,0,NA,NA,NA,NA,NA,NA,NA,0,0,0,0,0,0,0,0
,8.800004,0,0,NA,NA,NA,NA,NA,NA,NA,0,0,0,0,0,0,0,0
,8.803821,0,0,NA,NA,NA,NA,NA,NA,NA,0,0,0,0,0,0,0,0
,8.804882,0,0,NA,NA,NA,NA,NA,NA,NA,0,0,0,0,0,0,0,0
,8.805926,0,0,NA,NA,NA,NA,NA,NA,NA,0,0,0,0,0,0,0,0
,8.806977,0,0,NA,NA,NA,NA,NA,NA,NA,0,0,0,0,0,0,0,0
,8.807999,0,0,NA,NA,NA,NA,NA,NA,NA,0,0,0,0,0,0,0,0
,8.809042,0,0,NA,NA,NA,NA,NA,NA,NA,0,0,0,0,0,0,0,0
,8.810167,0,0,NA,NA,NA,NA,NA,NA,NA,0,0,0,0,0,0,0,0
,8.811316,0,0,NA,NA,NA,NA,NA,NA,NA,0,0,0,0,0,0,0,0
,8.812346,0,0,NA,NA,NA,NA,NA,NA,NA,0,0,0,0,0,0,0,0
,8.81335,0,0,NA,NA,NA,NA,NA,NA,NA,0,0,0,0,0,0,0,0
,8.814388,0,0,NA,NA,NA,NA,NA,NA,NA,0,0,0,0,0,0,0,0
,8.815447,0,0,NA,NA,NA,NA,NA,NA,NA,0,0,0,0,0,0,0,0
,8.816481,0,0,NA,NA,NA,NA,NA,NA,NA,0,0,0,0,0,0,0,0
,8.817495,0,0,NA,NA,NA,NA,NA,NA,NA,0,0,0,0,0,0,0,0
,8.818505,0,0,NA,NA,NA,NA,NA,NA,NA,0,0,0,0,0,0,0,0
,8.819564,0,0,NA,NA,NA,NA,NA,NA,NA,0,0,0,0,0,0,0,0
,8.820657,0,0,NA,NA,NA,NA,NA,NA,NA,0,0,0,0,0,0,0,0
,8.821815,0,0,NA,NA,NA,NA,NA,NA,NA,0,0,0,0,0,0,0,0
,8.822863,0,0,NA,NA,NA,NA,NA,NA,NA,0,0,0,0,0,0,0,0
,8.823908,0,0,NA,NA,NA,NA,NA,NA,NA,0,0,0,0,0,0,0,0
,8.824932,0,0,NA,NA,NA,NA,NA,NA,NA,0,0,0,0,0,0,0,0
,8.826023,0,0,NA,NA,NA,NA,NA,NA,NA,0,0,0,0,0,0,0,0
,8.827118,0,0,NA,NA,NA,NA,NA,NA,NA,0,0,0,0,0,0,0,0
,8.828146,0,0,NA,NA,NA,NA,NA,NA,NA,0,0,0,0,0,0,0,0
,8.829154,0,0,NA,NA,NA,NA,NA,NA,NA,0,0,0,0,0,0,0,0
,8.83018,0,0,NA,NA,NA,NA,NA,NA,NA,0,0,0,0,0,0,0,0
,8.831197,0,0,NA,NA,NA,NA,NA,NA,NA,0,0,0,0,0,0,0,0
,8.832226,0,0,NA,NA,NA,NA,NA,NA,NA,0,0,0,0,0,0,0,0
,8.833413,0,0,NA,NA,NA,NA,NA,NA,NA,0,0,0,0,0,0,0,0
,8.834449,0,0,NA,NA,NA,NA,NA,NA,NA,0,0,0,0,0,0,0,0
,8.835455,0,0,NA,NA,NA,NA,NA,NA,NA,0,0,0,0,0,0,0,0
,8.836469,0,0,NA,NA,NA,NA,NA,NA,NA,0,0,0,0,0,0,0,0
,8.837486,0,0,NA,NA,NA,NA,NA,NA,NA,0,0,0,0,0,0,0,0
,8.838505,0,0,NA,NA,NA,NA,NA,NA,NA,0,0,0,0,0,0,0,0
,8.839651,0,0,NA,NA,NA,NA,NA,NA,NA,0,0,0,0,0,0,0,0
,8.840702,0,0,NA,NA,NA,NA,NA,NA,NA,0,0,0,0,0,0,0,0
,8.842029,0,0,NA,NA,NA,NA,NA,NA,NA,0,0,0,0,0,0,0,0
,8.843051,0,0,NA,NA,NA,NA,NA,NA,NA,0,0,0,0,0,0,0,0
,8.844452,0,0,NA,NA,NA,NA,NA,NA,NA,0,0,0,0,0,0,0,0
,8.845543,0,0,NA,NA,NA,NA,NA,NA,NA,0,0,0,0,0,0,0,0
,8.846571,0,0,NA,NA,NA,NA,NA,NA,NA,0,0,0,0,0,0,0,0
,8.847925,0,0,NA,NA,NA,NA,NA,NA,NA,0,0,0,0,0,0,0,0
,8.848978,0,0,NA,NA,NA,NA,NA,NA,NA,0,0,0,0,0,0,0,0
,8.850037,0,0,NA,NA,NA,NA,NA,NA,NA,0,0,0,0,0,0,0,0
,8.851089,0,0,NA,NA,NA,NA,NA,NA,NA,0,0,0,0,0,0,0,0
,8.852399,0,0,NA,NA,NA,NA,NA,NA,NA,0,0,0,0,0,0,0,0
,8.853443,0,0,NA,NA,NA,NA,NA,NA,NA,0,0,0,0,0,0,0,0
,8.854449,0,0,NA,NA,NA,NA,NA,NA,NA,0,0,0,0,0,0,0,0
,8.855448,0,0,NA,NA,NA,NA,NA,NA,NA,0,0,0,0,0,0,0,0
,8.856471,0,0,NA,NA,NA,NA,NA,NA,NA,0,0,0,0,0,0,0,0
,8.857933,0,0,NA,NA,NA,NA,NA,NA,NA,0,0,0,0,0,0,0,0
,8.85937,0,0,NA,NA,NA,NA,NA,NA,NA,0,0,0,0,0,0,0,0
,8.860714,0,0,NA,NA,NA,NA,NA,NA,NA,0,0,0,0,0,0,0,0
,8.861972,0,0,NA,NA,NA,NA,NA,NA,NA,0,0,0,0,0,0,0,0
,8.863024,0,0,NA,NA,NA,NA,NA,NA,NA,0,0,0,0,0,0,0,0
,8.864199,0,0,NA,NA,NA,NA,NA,NA,NA,0,0,0,0,0,0,0,0
,8.865256,0,0,NA,NA,NA,NA,NA,NA,NA,0,0,0,0,0,0,0,0
,8.866718,0,0,NA,NA,NA,NA,NA,NA,NA,0,0,0,0,0,0,0,0
,8.867832,0,0,NA,NA,NA,NA,NA,NA,NA,0,0,0,0,0,0,0,0
,8.868898,0,0,NA,NA,NA,NA,NA,NA,NA,0,0,0,0,0,0,0,0
,8.869997,0,0,NA,NA,NA,NA,NA,NA,NA,0,0,0,0,0,0,0,0
,8.871038,0,0,NA,NA,NA,NA,NA,NA,NA,0,0,0,0,0,0,0,0
,8.872065,0,0,NA,NA,NA,NA,NA,NA,NA,0,0,0,0,0,0,0,0
,8.873191,0,0,NA,NA,NA,NA,NA,NA,NA,0,0,0,0,0,0,0,0
,8.874402,0,0,NA,NA,NA,NA,NA,NA,NA,0,0,0,0,0,0,0,0
,8.875457,0,0,NA,NA,NA,NA,NA,NA,NA,0,0,0,0,0,0,0,0
,8.876581,0,0,NA,NA,NA,NA,NA,NA,NA,0,0,0,0,0,0,0,0
,8.877643,0,0,NA,NA,NA,NA,NA,NA,NA,0,0,0,0,0,0,0,0
,8.878961,0,0,NA,NA,NA,NA,NA,NA,NA,0,0,0,0,0,0,0,0
,8.880255,0,0,NA,NA,NA,NA,NA,NA,NA,0,0,0,0,0,0,0,0
,8.881424,0,0,NA,NA,NA,NA,NA,NA,NA,0,0,0,0,0,0,0,0
,8.882482,0,0,NA,NA,NA,NA,NA,NA,NA,0,0,0,0,0,0,0,0
,8.883532,0,0,NA,NA,NA,NA,NA,NA,NA,0,0,0,0,0,0,0,0
,8.884748,0,0,NA,NA,NA,NA,NA,NA,NA,0,0,0,0,0,0,0,0
,8.885814,0,0,NA,NA,NA,NA,NA,NA,NA,0,0,0,0,0,0,0,0
,8.886852,0,0,NA,NA,NA,NA,NA,NA,NA,0,0,0,0,0,0,0,0
,8.88795,0,0,NA,NA,NA,NA,NA,NA,NA,0,0,0,0,0,0,0,0
,8.889011,0,0,NA,NA,NA,NA,NA,NA,NA,0,0,0,0,0,0,0,0
,8.890065,0,0,NA,NA,NA,NA,NA,NA,NA,0,0,0,0,0,0,0,0
,8.891088,0,0,NA,NA,NA,NA,NA,NA,NA,0,0,0,0,0,0,0,0
,8.892104,0,0,NA,NA,NA,NA,NA,NA,NA,0,0,0,0,0,0,0,0
,8.893197,0,0,NA,NA,NA,NA,NA,NA,NA,0,0,0,0,0,0,0,0
,8.894222,0,0,NA,NA,NA,NA,NA,NA,NA,0,0,0,0,0,0,0,0
,8.89526,0,0,NA,NA,NA,NA,NA,NA,NA,0,0,0,0,0,0,0,0
,8.896833,0,0,NA,NA,NA,NA,NA,NA,NA,0,0,0,0,0,0,0,0
,8.898468,0,0,NA,NA,NA,NA,NA,NA,NA,0,0,0,0,0,0,0,0
,8.899498,0,0,NA,NA,NA,NA,NA,NA,NA,0,0,0,0,0,0,0,0
,8.900531,0,0,NA,NA,NA,NA,NA,NA,NA,0,0,0,0,0,0,0,0
,8.901878,0,0,NA,NA,NA,NA,NA,NA,NA,0,0,0,0,0,0,0,0
,8.902945,0,0,NA,NA,NA,NA,NA,NA,NA,0,0,0,0,0,0,0,0
,8.903977,0,0,NA,NA,NA,NA,NA,NA,NA,0,0,0,0,0,0,0,0
,8.905072,0,0,NA,NA,NA,NA,NA,NA,NA,0,0,0,0,0,0,0,0
,8.906178,0,0,NA,NA,NA,NA,NA,NA,NA,0,0,0,0,0,0,0,0
,8.907245,0,0,NA,NA,NA,NA,NA,NA,NA,0,0,0,0,0,0,0,0
,8.908312,0,0,NA,NA,NA,NA,NA,NA,NA,0,0,0,0,0,0,0,0
,8.909374,0,0,NA,NA,NA,NA,NA,NA,NA,0,0,0,0,0,0,0,0
,8.91045,0,0,NA,NA,NA,NA,NA,NA,NA,0,0,0,0,0,0,0,0
,8.911843,0,0,NA,NA,NA,NA,NA,NA,NA,0,0,0,0,0,0,0,0
,8.912884,0,0,NA,NA,NA,NA,NA,NA,NA,0,0,0,0,0,0,0,0
,8.913903,0,0,NA,NA,NA,NA,NA,NA,NA,0,0,0,0,0,0,0,0
,8.914942,0,0,NA,NA,NA,NA,NA,NA,NA,0,0,0,0,0,0,0,0
,8.91595,0,0,NA,NA,NA,NA,NA,NA,NA,0,0,0,0,0,0,0,0
,8.916996,0,0,NA,NA,NA,NA,NA,NA,NA,0,0,0,0,0,0,0,0
,8.918017,0,0,NA,NA,NA,NA,NA,NA,NA,0,0,0,0,0,0,0,0
,8.919068,0,0,NA,NA,NA,NA,NA,NA,NA,0,0,0,0,0,0,0,0
,8.920089,0,0,NA,NA,NA,NA,NA,NA,NA,0,0,0,0,0,0,0,0
,8.921342,0,0,NA,NA,NA,NA,NA,NA,NA,0,0,0,0,0,0,0,0
,8.92238,0,0,NA,NA,NA,NA,NA,NA,NA,0,0,0,0,0,0,0,0
,8.923407,0,0,NA,NA,NA,NA,NA,NA,NA,0,0,0,0,0,0,0,0
,8.924429,0,0,NA,NA,NA,NA,NA,NA,NA,0,0,0,0,0,0,0,0
,8.925487,0,0,NA,NA,NA,NA,NA,NA,NA,0,0,0,0,0,0,0,0
,8.926506,0,0,NA,NA,NA,NA,NA,NA,NA,0,0,0,0,0,0,0,0
,8.927536,0,0,NA,NA,NA,NA,NA,NA,NA,0,0,0,0,0,0,0,0
,8.928595,0,0,NA,NA,NA,NA,NA,NA,NA,0,0,0,0,0,0,0,0
,8.929598,0,0,NA,NA,NA,NA,NA,NA,NA,0,0,0,0,0,0,0,0
,8.930605,0,0,NA,NA,NA,NA,NA,NA,NA,0,0,0,0,0,0,0,0
,8.93187,0,0,NA,NA,NA,NA,NA,NA,NA,0,0,0,0,0,0,0,0
,8.932915,0,0,NA,NA,NA,NA,NA,NA,NA,0,0,0,0,0,0,0,0
,8.933932,0,0,NA,NA,NA,NA,NA,NA,NA,0,0,0,0,0,0,0,0
,8.934994,0,0,NA,NA,NA,NA,NA,NA,NA,0,0,0,0,0,0,0,0
,8.936175,0,0,NA,NA,NA,NA,NA,NA,NA,0,0,0,0,0,0,0,0
,8.937239,0,0,NA,NA,NA,NA,NA,NA,NA,0,0,0,0,0,0,0,0
,8.938303,0,0,NA,NA,NA,NA,NA,NA,NA,0,0,0,0,0,0,0,0
,8.939342,0,0,NA,NA,NA,NA,NA,NA,NA,0,0,0,0,0,0,0,0
,8.940374,0,0,NA,NA,NA,NA,NA,NA,NA,0,0,0,0,0,0,0,0
,8.941523,0,0,NA,NA,NA,NA,NA,NA,NA,0,0,0,0,0,0,0,0
,8.942536,0,0,NA,NA,NA,NA,NA,NA,NA,0,0,0,0,0,0,0,0
,8.943556,0,0,NA,NA,NA,NA,NA,NA,NA,0,0,0,0,0,0,0,0
,8.944587,0,0,NA,NA,NA,NA,NA,NA,NA,0,0,0,0,0,0,0,0
,8.945704,0,0,NA,NA,NA,NA,NA,NA,NA,0,0,0,0,0,0,0,0
,8.94674,0,0,NA,NA,NA,NA,NA,NA,NA,0,0,0,0,0,0,0,0
,8.947766,0,0,NA,NA,NA,NA,NA,NA,NA,0,0,0,0,0,0,0,0
,8.94878,0,0,NA,NA,NA,NA,NA,NA,NA,0,0,0,0,0,0,0,0
,8.949851,0,0,NA,NA,NA,NA,NA,NA,NA,0,0,0,0,0,0,0,0
,8.950854,0,0,NA,NA,NA,NA,NA,NA,NA,0,0,0,0,0,0,0,0
,8.952375,0,0,NA,NA,NA,NA,NA,NA,NA,0,0,0,0,0,0,0,0
,8.953821,0,0,NA,NA,NA,NA,NA,NA,NA,0,0,0,0,0,0,0,0
,8.954906,0,0,NA,NA,NA,NA,NA,NA,NA,0,0,0,0,0,0,0,0
,8.955979,0,0,NA,NA,NA,NA,NA,NA,NA,0,0,0,0,0,0,0,0
,8.957328,0,0,NA,NA,NA,NA,NA,NA,NA,0,0,0,0,0,0,0,0
,8.959134,0,0,NA,NA,NA,NA,NA,NA,NA,0,0,0,0,0,0,0,0
,8.960167,0,0,NA,NA,NA,NA,NA,NA,NA,0,0,0,0,0,0,0,0
,8.961407,0,0,NA,NA,NA,NA,NA,NA,NA,0,0,0,0,0,0,0,0
,8.962561,0,0,NA,NA,NA,NA,NA,NA,NA,0,0,0,0,0,0,0,0
,8.966866,0,0,NA,NA,NA,NA,NA,NA,NA,0,0,0,0,0,0,0,0
,8.968825,0,0,NA,NA,NA,NA,NA,NA,NA,0,0,0,0,0,0,0,0
,8.970613,0,0,NA,NA,NA,NA,NA,NA,NA,0,0,0,0,0,0,0,0
,8.972074,0,0,NA,NA,NA,NA,NA,NA,NA,0,0,0,0,0,0,0,0
,8.973765,0,0,NA,NA,NA,NA,NA,NA,NA,0,0,0,0,0,0,0,0
,8.975175,0,0,NA,NA,NA,NA,NA,NA,NA,0,0,0,0,0,0,0,0
,8.976233,0,0,NA,NA,NA,NA,NA,NA,NA,0,0,0,0,0,0,0,0
,8.977824,0,0,NA,NA,NA,NA,NA,NA,NA,0,0,0,0,0,0,0,0
,8.979177,0,0,NA,NA,NA,NA,NA,NA,NA,0,0,0,0,0,0,0,0
,8.980278,0,0,NA,NA,NA,NA,NA,NA,NA,0,0,0,0,0,0,0,0
,8.981756,0,0,NA,NA,NA,NA,NA,NA,NA,0,0,0,0,0,0,0,0
,8.983111,0,0,NA,NA,NA,NA,NA,NA,NA,0,0,0,0,0,0,0,0
,8.984135,0,0,NA,NA,NA,NA,NA,NA,NA,0,0,0,0,0,0,0,0
,8.985285,0,0,NA,NA,NA,NA,NA,NA,NA,0,0,0,0,0,0,0,0
,8.986353,0,0,NA,NA,NA,NA,NA,NA,NA,0,0,0,0,0,0,0,0
,8.987466,0,0,NA,NA,NA,NA,NA,NA,NA,0,0,0,0,0,0,0,0
,8.989214,0,0,NA,NA,NA,NA,NA,NA,NA,0,0,0,0,0,0,0,0
,8.990822,0,0,NA,NA,NA,NA,NA,NA,NA,0,0,0,0,0,0,0,0
,8.992202,0,0,NA,NA,NA,NA,NA,NA,NA,0,0,0,0,0,0,0,0
,8.993251,0,0,NA,NA,NA,NA,NA,NA,NA,0,0,0,0,0,0,0,0
,8.99437,0,0,NA,NA,NA,NA,NA,NA,NA,0,0,0,0,0,0,0,0
,8.995978,0,0,NA,NA,NA,NA,NA,NA,NA,0,0,0,0,0,0,0,0
,8.997275,0,0,NA,NA,NA,NA,NA,NA,NA,0,0,0,0,0,0,0,0
,8.998346,0,0,NA,NA,NA,NA,NA,NA,NA,0,0,0,0,0,0,0,0
,8.999743,0,0,NA,NA,NA,NA,NA,NA,NA,0,0,0,0,0,0,0,0
,9.000957,0,0,NA,NA,NA,NA,NA,NA,NA,0,0,0,0,0,0,0,0
,9.002737,0,0,NA,NA,NA,NA,NA,NA,NA,0,0,0,0,0,0,0,0
,9.004289,0,0,NA,NA,NA,NA,NA,NA,NA,0,0,0,0,0,0,0,0
,9.005889,0,0,NA,NA,NA,NA,NA,NA,NA,0,0,0,0,0,0,0,0
,9.007073,0,0,NA,NA,NA,NA,NA,NA,NA,0,0,0,0,0,0,0,0
,9.008685,0,0,NA,NA,NA,NA,NA,NA,NA,0,0,0,0,0,0,0,0
,9.010101,0,0,NA,NA,NA,NA,NA,NA,NA,0,0,0,0,0,0,0,0
,9.012052,0,0,NA,NA,NA,NA,NA,NA,NA,0,0,0,0,0,0,0,0
,9.013876,0,0,NA,NA,NA,NA,NA,NA,NA,0,0,0,0,0,0,0,0
,9.015461,0,0,NA,NA,NA,NA,NA,NA,NA,0,0,0,0,0,0,0,0
,9.016836,0,0,NA,NA,NA,NA,NA,NA,NA,0,0,0,0,0,0,0,0
,9.017881,0,0,NA,NA,NA,NA,NA,NA,NA,0,0,0,0,0,0,0,0
,9.019215,0,0,NA,NA,NA,NA,NA,NA,NA,0,0,0,0,0,0,0,0
,9.020905,0,0,NA,NA,NA,NA,NA,NA,NA,0,0,0,0,0,0,0,0
,9.022452,0,0,NA,NA,NA,NA,NA,NA,NA,0,0,0,0,0,0,0,0
,9.023855,0,0,NA,NA,NA,NA,NA,NA,NA,0,0,0,0,0,0,0,0
,9.024917,0,0,NA,NA,NA,NA,NA,NA,NA,0,0,0,0,0,0,0,0
,9.026222,0,0,NA,NA,NA,NA,NA,NA,NA,0,0,0,0,0,0,0,0
,9.027377,0,0,NA,NA,NA,NA,NA,NA,NA,0,0,0,0,0,0,0,0
,9.028849,0,0,NA,NA,NA,NA,NA,NA,NA,0,0,0,0,0,0,0,0
,9.030599,0,0,NA,NA,NA,NA,NA,NA,NA,0,0,0,0,0,0,0,0
,9.031968,0,0,NA,NA,NA,NA,NA,NA,NA,0,0,0,0,0,0,0,0
,9.033037,0,0,NA,NA,NA,NA,NA,NA,NA,0,0,0,0,0,0,0,0
,9.034328,0,0,NA,NA,NA,NA,NA,NA,NA,0,0,0,0,0,0,0,0
,9.035671,0,0,NA,NA,NA,NA,NA,NA,NA,0,0,0,0,0,0,0,0
,9.036968,0,0,NA,NA,NA,NA,NA,NA,NA,0,0,0,0,0,0,0,0
,9.037983,0,0,NA,NA,NA,NA,NA,NA,NA,0,0,0,0,0,0,0,0
,9.03931,0,0,NA,NA,NA,NA,NA,NA,NA,0,0,0,0,0,0,0,0
,9.040982,0,0,NA,NA,NA,NA,NA,NA,NA,0,0,0,0,0,0,0,0
,9.042257,0,0,NA,NA,NA,NA,NA,NA,NA,0,0,0,0,0,0,0,0
,9.043743,0,0,NA,NA,NA,NA,NA,NA,NA,0,0,0,0,0,0,0,0
,9.044847,0,0,NA,NA,NA,NA,NA,NA,NA,0,0,0,0,0,0,0,0
,9.046162,0,0,NA,NA,NA,NA,NA,NA,NA,0,0,0,0,0,0,0,0
,9.047584,0,0,NA,NA,NA,NA,NA,NA,NA,0,0,0,0,0,0,0,0
,9.048697,0,0,NA,NA,NA,NA,NA,NA,NA,0,0,0,0,0,0,0,0
,9.049801,0,0,NA,NA,NA,NA,NA,NA,NA,0,0,0,0,0,0,0,0
,9.051414,0,0,NA,NA,NA,NA,NA,NA,NA,0,0,0,0,0,0,0,0
,9.052752,0,0,NA,NA,NA,NA,NA,NA,NA,0,0,0,0,0,0,0,0
,9.053843,0,0,NA,NA,NA,NA,NA,NA,NA,0,0,0,0,0,0,0,0
,9.054937,0,0,NA,NA,NA,NA,NA,NA,NA,0,0,0,0,0,0,0,0
,9.055964,0,0,NA,NA,NA,NA,NA,NA,NA,0,0,0,0,0,0,0,0
,9.057292,0,0,NA,NA,NA,NA,NA,NA,NA,0,0,0,0,0,0,0,0
,9.058747,0,0,NA,NA,NA,NA,NA,NA,NA,0,0,0,0,0,0,0,0
,9.059788,0,0,NA,NA,NA,NA,NA,NA,NA,0,0,0,0,0,0,0,0
,9.060813,0,0,NA,NA,NA,NA,NA,NA,NA,0,0,0,0,0,0,0,0
,9.062237,0,0,NA,NA,NA,NA,NA,NA,NA,0,0,0,0,0,0,0,0
,9.063527,0,0,NA,NA,NA,NA,NA,NA,NA,0,0,0,0,0,0,0,0
,9.064974,0,0,NA,NA,NA,NA,NA,NA,NA,0,0,0,0,0,0,0,0
,9.066062,0,0,NA,NA,NA,NA,NA,NA,NA,0,0,0,0,0,0,0,0
,9.067417,0,0,NA,NA,NA,NA,NA,NA,NA,0,0,0,0,0,0,0,0
,9.068465,0,0,NA,NA,NA,NA,NA,NA,NA,0,0,0,0,0,0,0,0
,9.069548,0,0,NA,NA,NA,NA,NA,NA,NA,0,0,0,0,0,0,0,0
,9.07058,0,0,NA,NA,NA,NA,NA,NA,NA,0,0,0,0,0,0,0,0
,9.071605,0,0,NA,NA,NA,NA,NA,NA,NA,0,0,0,0,0,0,0,0
,9.072634,0,0,NA,NA,NA,NA,NA,NA,NA,0,0,0,0,0,0,0,0
,9.073685,0,0,NA,NA,NA,NA,NA,NA,NA,0,0,0,0,0,0,0,0
,9.074722,0,0,NA,NA,NA,NA,NA,NA,NA,0,0,0,0,0,0,0,0
,9.075757,0,0,NA,NA,NA,NA,NA,NA,NA,0,0,0,0,0,0,0,0
,9.076766,0,0,NA,NA,NA,NA,NA,NA,NA,0,0,0,0,0,0,0,0
,9.077774,0,0,NA,NA,NA,NA,NA,NA,NA,0,0,0,0,0,0,0,0
,9.07878,0,0,NA,NA,NA,NA,NA,NA,NA,0,0,0,0,0,0,0,0
,9.07987,0,0,NA,NA,NA,NA,NA,NA,NA,0,0,0,0,0,0,0,0
,9.080895,0,0,NA,NA,NA,NA,NA,NA,NA,0,0,0,0,0,0,0,0
,9.082032,0,0,NA,NA,NA,NA,NA,NA,NA,0,0,0,0,0,0,0,0
,9.083096,0,0,NA,NA,NA,NA,NA,NA,NA,0,0,0,0,0,0,0,0
,9.084165,0,0,NA,NA,NA,NA,NA,NA,NA,0,0,0,0,0,0,0,0
,9.085185,0,0,NA,NA,NA,NA,NA,NA,NA,0,0,0,0,0,0,0,0
,9.086192,0,0,NA,NA,NA,NA,NA,NA,NA,0,0,0,0,0,0,0,0
,9.087238,0,0,NA,NA,NA,NA,NA,NA,NA,0,0,0,0,0,0,0,0
,9.088264,0,0,NA,NA,NA,NA,NA,NA,NA,0,0,0,0,0,0,0,0
,9.089272,0,0,NA,NA,NA,NA,NA,NA,NA,0,0,0,0,0,0,0,0
,9.090287,0,0,NA,NA,NA,NA,NA,NA,NA,0,0,0,0,0,0,0,0
,9.091307,0,0,NA,NA,NA,NA,NA,NA,NA,0,0,0,0,0,0,0,0
,9.092359,0,0,NA,NA,NA,NA,NA,NA,NA,0,0,0,0,0,0,0,0
,9.093554,0,0,NA,NA,NA,NA,NA,NA,NA,0,0,0,0,0,0,0,0
,9.094604,0,0,NA,NA,NA,NA,NA,NA,NA,0,0,0,0,0,0,0,0
,9.095669,0,0,NA,NA,NA,NA,NA,NA,NA,0,0,0,0,0,0,0,0
,9.096679,0,0,NA,NA,NA,NA,NA,NA,NA,0,0,0,0,0,0,0,0
,9.097701,0,0,NA,NA,NA,NA,NA,NA,NA,0,0,0,0,0,0,0,0
,9.098766,0,0,NA,NA,NA,NA,NA,NA,NA,0,0,0,0,0,0,0,0
,9.099791,0,0,NA,NA,NA,NA,NA,NA,NA,0,0,0,0,0,0,0,0
,9.10086,0,0,NA,NA,NA,NA,NA,NA,NA,0,0,0,0,0,0,0,0
,9.10204,0,0,NA,NA,NA,NA,NA,NA,NA,0,0,0,0,0,0,0,0
,9.103065,0,0,NA,NA,NA,NA,NA,NA,NA,0,0,0,0,0,0,0,0
,9.104212,0,0,NA,NA,NA,NA,NA,NA,NA,0,0,0,0,0,0,0,0
,9.105247,0,0,NA,NA,NA,NA,NA,NA,NA,0,0,0,0,0,0,0,0
,9.106255,0,0,NA,NA,NA,NA,NA,NA,NA,0,0,0,0,0,0,0,0
,9.107276,0,0,NA,NA,NA,NA,NA,NA,NA,0,0,0,0,0,0,0,0
,9.108446,0,0,NA,NA,NA,NA,NA,NA,NA,0,0,0,0,0,0,0,0
,9.109588,0,0,NA,NA,NA,NA,NA,NA,NA,0,0,0,0,0,0,0,0
,9.110623,0,0,NA,NA,NA,NA,NA,NA,NA,0,0,0,0,0,0,0,0
,9.111766,0,0,NA,NA,NA,NA,NA,NA,NA,0,0,0,0,0,0,0,0
,9.112866,0,0,NA,NA,NA,NA,NA,NA,NA,0,0,0,0,0,0,0,0
,9.113878,0,0,NA,NA,NA,NA,NA,NA,NA,0,0,0,0,0,0,0,0
,9.114905,0,0,NA,NA,NA,NA,NA,NA,NA,0,0,0,0,0,0,0,0
,9.11595,0,0,NA,NA,NA,NA,NA,NA,NA,0,0,0,0,0,0,0,0
,9.117288,0,0,NA,NA,NA,NA,NA,NA,NA,0,0,0,0,0,0,0,0
,9.118346,0,0,NA,NA,NA,NA,NA,NA,NA,0,0,0,0,0,0,0,0
,9.119389,0,0,NA,NA,NA,NA,NA,NA,NA,0,0,0,0,0,0,0,0
,9.120424,0,0,NA,NA,NA,NA,NA,NA,NA,0,0,0,0,0,0,0,0
,9.121572,0,0,NA,NA,NA,NA,NA,NA,NA,0,0,0,0,0,0,0,0
,9.122909,0,0,NA,NA,NA,NA,NA,NA,NA,0,0,0,0,0,0,0,0
,9.123932,0,0,NA,NA,NA,NA,NA,NA,NA,0,0,0,0,0,0,0,0
,9.124952,0,0,NA,NA,NA,NA,NA,NA,NA,0,0,0,0,0,0,0,0
,9.125987,0,0,NA,NA,NA,NA,NA,NA,NA,0,0,0,0,0,0,0,0
,9.127137,0,0,NA,NA,NA,NA,NA,NA,NA,0,0,0,0,0,0,0,0
,9.128227,0,0,NA,NA,NA,NA,NA,NA,NA,0,0,0,0,0,0,0,0
,9.129263,0,0,NA,NA,NA,NA,NA,NA,NA,0,0,0,0,0,0,0,0
,9.130282,0,0,NA,NA,NA,NA,NA,NA,NA,0,0,0,0,0,0,0,0
,9.131461,0,0,NA,NA,NA,NA,NA,NA,NA,0,0,0,0,0,0,0,0
,9.132821,0,0,NA,NA,NA,NA,NA,NA,NA,0,0,0,0,0,0,0,0
,9.133908,0,0,NA,NA,NA,NA,NA,NA,NA,0,0,0,0,0,0,0,0
,9.134929,0,0,NA,NA,NA,NA,NA,NA,NA,0,0,0,0,0,0,0,0
,9.136128,0,0,NA,NA,NA,NA,NA,NA,NA,0,0,0,0,0,0,0,0
,9.137211,0,0,NA,NA,NA,NA,NA,NA,NA,0,0,0,0,0,0,0,0
,9.138231,0,0,NA,NA,NA,NA,NA,NA,NA,0,0,0,0,0,0,0,0
,9.139549,0,0,NA,NA,NA,NA,NA,NA,NA,0,0,0,0,0,0,0,0
,9.140592,0,0,NA,NA,NA,NA,NA,NA,NA,0,0,0,0,0,0,0,0
,9.141843,0,0,NA,NA,NA,NA,NA,NA,NA,0,0,0,0,0,0,0,0
,9.14703,0,0,NA,NA,NA,NA,NA,NA,NA,0,0,0,0,0,0,0,0
,9.148534,0,0,NA,NA,NA,NA,NA,NA,NA,0,0,0,0,0,0,0,0
,9.14987,0,0,NA,NA,NA,NA,NA,NA,NA,0,0,0,0,0,0,0,0
,9.15099,0,0,NA,NA,NA,NA,NA,NA,NA,0,0,0,0,0,0,0,0
,9.152532,0,0,NA,NA,NA,NA,NA,NA,NA,0,0,0,0,0,0,0,0
,9.153665,0,0,NA,NA,NA,NA,NA,NA,NA,0,0,0,0,0,0,0,0
,9.15503,0,0,NA,NA,NA,NA,NA,NA,NA,0,0,0,0,0,0,0,0
,9.156072,0,0,NA,NA,NA,NA,NA,NA,NA,0,0,0,0,0,0,0,0
,9.157263,0,0,NA,NA,NA,NA,NA,NA,NA,0,0,0,0,0,0,0,0
,9.15913,0,0,NA,NA,NA,NA,NA,NA,NA,0,0,0,0,0,0,0,0
,9.160469,0,0,NA,NA,NA,NA,NA,NA,NA,0,0,0,0,0,0,0,0
,9.161989,0,0,NA,NA,NA,NA,NA,NA,NA,0,0,0,0,0,0,0,0
,9.163134,0,0,NA,NA,NA,NA,NA,NA,NA,0,0,0,0,0,0,0,0
,9.164234,0,0,NA,NA,NA,NA,NA,NA,NA,0,0,0,0,0,0,0,0
,9.165342,0,0,NA,NA,NA,NA,NA,NA,NA,0,0,0,0,0,0,0,0
,9.166993,0,0,NA,NA,NA,NA,NA,NA,NA,0,0,0,0,0,0,0,0
,9.168103,0,0,NA,NA,NA,NA,NA,NA,NA,0,0,0,0,0,0,0,0
,9.169209,0,0,NA,NA,NA,NA,NA,NA,NA,0,0,0,0,0,0,0,0
,9.170378,0,0,NA,NA,NA,NA,NA,NA,NA,0,0,0,0,0,0,0,0
,9.171491,0,0,NA,NA,NA,NA,NA,NA,NA,0,0,0,0,0,0,0,0
,9.172922,0,0,NA,NA,NA,NA,NA,NA,NA,0,0,0,0,0,0,0,0
,9.174828,0,0,NA,NA,NA,NA,NA,NA,NA,0,0,0,0,0,0,0,0
,9.176059,0,0,NA,NA,NA,NA,NA,NA,NA,0,0,0,0,0,0,0,0
,9.177171,0,0,NA,NA,NA,NA,NA,NA,NA,0,0,0,0,0,0,0,0
,9.178208,0,0,NA,NA,NA,NA,NA,NA,NA,0,0,0,0,0,0,0,0
,9.17976,0,0,NA,NA,NA,NA,NA,NA,NA,0,0,0,0,0,0,0,0
,9.18085,0,0,NA,NA,NA,NA,NA,NA,NA,0,0,0,0,0,0,0,0
,9.182102,0,0,NA,NA,NA,NA,NA,NA,NA,0,0,0,0,0,0,0,0
,9.183444,0,0,NA,NA,NA,NA,NA,NA,NA,0,0,0,0,0,0,0,0
,9.184719,0,0,NA,NA,NA,NA,NA,NA,NA,0,0,0,0,0,0,0,0
,9.186112,0,0,NA,NA,NA,NA,NA,NA,NA,0,0,0,0,0,0,0,0
,9.187514,0,0,NA,NA,NA,NA,NA,NA,NA,0,0,0,0,0,0,0,0
,9.188833,0,0,NA,NA,NA,NA,NA,NA,NA,0,0,0,0,0,0,0,0
,9.190132,0,0,NA,NA,NA,NA,NA,NA,NA,0,0,0,0,0,0,0,0
,9.191215,0,0,NA,NA,NA,NA,NA,NA,NA,0,0,0,0,0,0,0,0
,9.192257,0,0,NA,NA,NA,NA,NA,NA,NA,0,0,0,0,0,0,0,0
,9.19337,0,0,NA,NA,NA,NA,NA,NA,NA,0,0,0,0,0,0,0,0
,9.194418,0,0,NA,NA,NA,NA,NA,NA,NA,0,0,0,0,0,0,0,0
,9.195817,0,0,NA,NA,NA,NA,NA,NA,NA,0,0,0,0,0,0,0,0
,9.197206,0,0,NA,NA,NA,NA,NA,NA,NA,0,0,0,0,0,0,0,0
,9.198327,0,0,NA,NA,NA,NA,NA,NA,NA,0,0,0,0,0,0,0,0
,9.199751,0,0,NA,NA,NA,NA,NA,NA,NA,0,0,0,0,0,0,0,0
,9.200834,0,0,NA,NA,NA,NA,NA,NA,NA,0,0,0,0,0,0,0,0
,9.202031,0,0,NA,NA,NA,NA,NA,NA,NA,0,0,0,0,0,0,0,0
,9.203064,0,0,NA,NA,NA,NA,NA,NA,NA,0,0,0,0,0,0,0,0
,9.204135,0,0,NA,NA,NA,NA,NA,NA,NA,0,0,0,0,0,0,0,0
,9.205503,0,0,NA,NA,NA,NA,NA,NA,NA,0,0,0,0,0,0,0,0
,9.206904,0,0,NA,NA,NA,NA,NA,NA,NA,0,0,0,0,0,0,0,0
,9.20794,0,0,NA,NA,NA,NA,NA,NA,NA,0,0,0,0,0,0,0,0
,9.209067,0,0,NA,NA,NA,NA,NA,NA,NA,0,0,0,0,0,0,0,0
,9.210108,0,0,NA,NA,NA,NA,NA,NA,NA,0,0,0,0,0,0,0,0
,9.211443,0,0,NA,NA,NA,NA,NA,NA,NA,0,0,0,0,0,0,0,0
,9.212486,0,0,NA,NA,NA,NA,NA,NA,NA,0,0,0,0,0,0,0,0
,9.213525,0,0,NA,NA,NA,NA,NA,NA,NA,0,0,0,0,0,0,0,0
,9.214955,0,0,NA,NA,NA,NA,NA,NA,NA,0,0,0,0,0,0,0,0
,9.215993,0,0,NA,NA,NA,NA,NA,NA,NA,0,0,0,0,0,0,0,0
,9.217296,0,0,NA,NA,NA,NA,NA,NA,NA,0,0,0,0,0,0,0,0
,9.21833,0,0,NA,NA,NA,NA,NA,NA,NA,0,0,0,0,0,0,0,0
,9.219389,0,0,NA,NA,NA,NA,NA,NA,NA,0,0,0,0,0,0,0,0
,9.220428,0,0,NA,NA,NA,NA,NA,NA,NA,0,0,0,0,0,0,0,0
,9.221876,0,0,NA,NA,NA,NA,NA,NA,NA,0,0,0,0,0,0,0,0
,9.22308,0,0,NA,NA,NA,NA,NA,NA,NA,0,0,0,0,0,0,0,0
,9.224234,0,0,NA,NA,NA,NA,NA,NA,NA,0,0,0,0,0,0,0,0
,9.225272,0,0,NA,NA,NA,NA,NA,NA,NA,0,0,0,0,0,0,0,0
,9.226292,0,0,NA,NA,NA,NA,NA,NA,NA,0,0,0,0,0,0,0,0
,9.227884,0,0,NA,NA,NA,NA,NA,NA,NA,0,0,0,0,0,0,0,0
,9.229013,0,0,NA,NA,NA,NA,NA,NA,NA,0,0,0,0,0,0,0,0
,9.230081,0,0,NA,NA,NA,NA,NA,NA,NA,0,0,0,0,0,0,0,0
,9.23119,0,0,NA,NA,NA,NA,NA,NA,NA,0,0,0,0,0,0,0,0
,9.232565,0,0,NA,NA,NA,NA,NA,NA,NA,0,0,0,0,0,0,0,0
,9.233864,0,0,NA,NA,NA,NA,NA,NA,NA,0,0,0,0,0,0,0,0
,9.234884,0,0,NA,NA,NA,NA,NA,NA,NA,0,0,0,0,0,0,0,0
,9.235905,0,0,NA,NA,NA,NA,NA,NA,NA,0,0,0,0,0,0,0,0
,9.23735,0,0,NA,NA,NA,NA,NA,NA,NA,0,0,0,0,0,0,0,0
,9.23877,0,0,NA,NA,NA,NA,NA,NA,NA,0,0,0,0,0,0,0,0
,9.240137,0,0,NA,NA,NA,NA,NA,NA,NA,0,0,0,0,0,0,0,0
,9.241342,0,0,NA,NA,NA,NA,NA,NA,NA,0,0,0,0,0,0,0,0
,9.242923,0,0,NA,NA,NA,NA,NA,NA,NA,0,0,0,0,0,0,0,0
,9.243987,0,0,NA,NA,NA,NA,NA,NA,NA,0,0,0,0,0,0,0,0
,9.245007,0,0,NA,NA,NA,NA,NA,NA,NA,0,0,0,0,0,0,0,0
,9.246095,0,0,NA,NA,NA,NA,NA,NA,NA,0,0,0,0,0,0,0,0
,9.247471,0,0,NA,NA,NA,NA,NA,NA,NA,0,0,0,0,0,0,0,0
,9.248916,0,0,NA,NA,NA,NA,NA,NA,NA,0,0,0,0,0,0,0,0
,9.250211,0,0,NA,NA,NA,NA,NA,NA,NA,0,0,0,0,0,0,0,0
,9.251252,0,0,NA,NA,NA,NA,NA,NA,NA,0,0,0,0,0,0,0,0
,9.252294,0,0,NA,NA,NA,NA,NA,NA,NA,0,0,0,0,0,0,0,0
,9.253827,0,0,NA,NA,NA,NA,NA,NA,NA,0,0,0,0,0,0,0,0
,9.255953,0,0,NA,NA,NA,NA,NA,NA,NA,0,0,0,0,0,0,0,0
,9.257212,0,0,NA,NA,NA,NA,NA,NA,NA,0,0,0,0,0,0,0,0
,9.258301,0,0,NA,NA,NA,NA,NA,NA,NA,0,0,0,0,0,0,0,0
,9.259338,0,0,NA,NA,NA,NA,NA,NA,NA,0,0,0,0,0,0,0,0
,9.260688,0,0,NA,NA,NA,NA,NA,NA,NA,0,0,0,0,0,0,0,0
,9.261918,0,0,NA,NA,NA,NA,NA,NA,NA,0,0,0,0,0,0,0,0
,9.26324,0,0,NA,NA,NA,NA,NA,NA,NA,0,0,0,0,0,0,0,0
,9.264275,0,0,NA,NA,NA,NA,NA,NA,NA,0,0,0,0,0,0,0,0
,9.26536,0,0,NA,NA,NA,NA,NA,NA,NA,0,0,0,0,0,0,0,0
,9.266758,0,0,NA,NA,NA,NA,NA,NA,NA,0,0,0,0,0,0,0,0
,9.267818,0,0,NA,NA,NA,NA,NA,NA,NA,0,0,0,0,0,0,0,0
,9.268829,0,0,NA,NA,NA,NA,NA,NA,NA,0,0,0,0,0,0,0,0
,9.269948,0,0,NA,NA,NA,NA,NA,NA,NA,0,0,0,0,0,0,0,0
,9.271307,0,0,NA,NA,NA,NA,NA,NA,NA,0,0,0,0,0,0,0,0
,9.272639,0,0,NA,NA,NA,NA,NA,NA,NA,0,0,0,0,0,0,0,0
,9.273758,0,0,NA,NA,NA,NA,NA,NA,NA,0,0,0,0,0,0,0,0
,9.274819,0,0,NA,NA,NA,NA,NA,NA,NA,0,0,0,0,0,0,0,0
,9.276033,0,0,NA,NA,NA,NA,NA,NA,NA,0,0,0,0,0,0,0,0
,9.277122,0,0,NA,NA,NA,NA,NA,NA,NA,0,0,0,0,0,0,0,0
,9.278206,0,0,NA,NA,NA,NA,NA,NA,NA,0,0,0,0,0,0,0,0
,9.279255,0,0,NA,NA,NA,NA,NA,NA,NA,0,0,0,0,0,0,0,0
,9.280293,0,0,NA,NA,NA,NA,NA,NA,NA,0,0,0,0,0,0,0,0
,9.281749,0,0,NA,NA,NA,NA,NA,NA,NA,0,0,0,0,0,0,0,0
,9.282856,0,0,NA,NA,NA,NA,NA,NA,NA,0,0,0,0,0,0,0,0
,9.283919,0,0,NA,NA,NA,NA,NA,NA,NA,0,0,0,0,0,0,0,0
,9.284951,0,0,NA,NA,NA,NA,NA,NA,NA,0,0,0,0,0,0,0,0
,9.285996,0,0,NA,NA,NA,NA,NA,NA,NA,0,0,0,0,0,0,0,0
,9.287024,0,0,NA,NA,NA,NA,NA,NA,NA,0,0,0,0,0,0,0,0
,9.288031,0,0,NA,NA,NA,NA,NA,NA,NA,0,0,0,0,0,0,0,0
,9.289466,0,0,NA,NA,NA,NA,NA,NA,NA,0,0,0,0,0,0,0,0
,9.290746,0,0,NA,NA,NA,NA,NA,NA,NA,0,0,0,0,0,0,0,0
,9.291803,0,0,NA,NA,NA,NA,NA,NA,NA,0,0,0,0,0,0,0,0
,9.293133,0,0,NA,NA,NA,NA,NA,NA,NA,0,0,0,0,0,0,0,0
,9.294183,0,0,NA,NA,NA,NA,NA,NA,NA,0,0,0,0,0,0,0,0
,9.295198,0,0,NA,NA,NA,NA,NA,NA,NA,0,0,0,0,0,0,0,0
,9.296207,0,0,NA,NA,NA,NA,NA,NA,NA,0,0,0,0,0,0,0,0
,9.297222,0,0,NA,NA,NA,NA,NA,NA,NA,0,0,0,0,0,0,0,0
,9.298228,0,0,NA,NA,NA,NA,NA,NA,NA,0,0,0,0,0,0,0,0
,9.299246,0,0,NA,NA,NA,NA,NA,NA,NA,0,0,0,0,0,0,0,0
,9.300275,0,0,NA,NA,NA,NA,NA,NA,NA,0,0,0,0,0,0,0,0
,9.301526,0,0,NA,NA,NA,NA,NA,NA,NA,0,0,0,0,0,0,0,0
,9.302674,0,0,NA,NA,NA,NA,NA,NA,NA,0,0,0,0,0,0,0,0
,9.303688,0,0,NA,NA,NA,NA,NA,NA,NA,0,0,0,0,0,0,0,0
,9.304749,0,0,NA,NA,NA,NA,NA,NA,NA,0,0,0,0,0,0,0,0
,9.305753,0,0,NA,NA,NA,NA,NA,NA,NA,0,0,0,0,0,0,0,0
,9.306755,0,0,NA,NA,NA,NA,NA,NA,NA,0,0,0,0,0,0,0,0
,9.307945,0,0,NA,NA,NA,NA,NA,NA,NA,0,0,0,0,0,0,0,0
,9.308971,0,0,NA,NA,NA,NA,NA,NA,NA,0,0,0,0,0,0,0,0
,9.310032,0,0,NA,NA,NA,NA,NA,NA,NA,0,0,0,0,0,0,0,0
,9.311141,0,0,NA,NA,NA,NA,NA,NA,NA,0,0,0,0,0,0,0,0
,9.312157,0,0,NA,NA,NA,NA,NA,NA,NA,0,0,0,0,0,0,0,0
,9.313277,0,0,NA,NA,NA,NA,NA,NA,NA,0,0,0,0,0,0,0,0
,9.314306,0,0,NA,NA,NA,NA,NA,NA,NA,0,0,0,0,0,0,0,0
,9.315424,0,0,NA,NA,NA,NA,NA,NA,NA,0,0,0,0,0,0,0,0
,9.316483,0,0,NA,NA,NA,NA,NA,NA,NA,0,0,0,0,0,0,0,0
,9.317511,0,0,NA,NA,NA,NA,NA,NA,NA,0,0,0,0,0,0,0,0
,9.319034,0,0,NA,NA,NA,NA,NA,NA,NA,0,0,0,0,0,0,0,0
,9.320109,0,0,NA,NA,NA,NA,NA,NA,NA,0,0,0,0,0,0,0,0
,9.321362,0,0,NA,NA,NA,NA,NA,NA,NA,0,0,0,0,0,0,0,0
,9.325423,0,0,NA,NA,NA,NA,NA,NA,NA,0,0,0,0,0,0,0,0
,9.326573,0,0,NA,NA,NA,NA,NA,NA,NA,0,0,0,0,0,0,0,0
,9.32769,0,0,NA,NA,NA,NA,NA,NA,NA,0,0,0,0,0,0,0,0
,9.328743,0,0,NA,NA,NA,NA,NA,NA,NA,0,0,0,0,0,0,0,0
,9.329758,0,0,NA,NA,NA,NA,NA,NA,NA,0,0,0,0,0,0,0,0
,9.330774,0,0,NA,NA,NA,NA,NA,NA,NA,0,0,0,0,0,0,0,0
,9.331789,0,0,NA,NA,NA,NA,NA,NA,NA,0,0,0,0,0,0,0,0
,9.332867,0,0,NA,NA,NA,NA,NA,NA,NA,0,0,0,0,0,0,0,0
,9.333977,0,0,NA,NA,NA,NA,NA,NA,NA,0,0,0,0,0,0,0,0
,9.335066,0,0,NA,NA,NA,NA,NA,NA,NA,0,0,0,0,0,0,0,0
,9.336162,0,0,NA,NA,NA,NA,NA,NA,NA,0,0,0,0,0,0,0,0
,9.337233,0,0,NA,NA,NA,NA,NA,NA,NA,0,0,0,0,0,0,0,0
,9.338258,0,0,NA,NA,NA,NA,NA,NA,NA,0,0,0,0,0,0,0,0
,9.339275,0,0,NA,NA,NA,NA,NA,NA,NA,0,0,0,0,0,0,0,0
,9.340284,0,0,NA,NA,NA,NA,NA,NA,NA,0,0,0,0,0,0,0,0
,9.341441,0,0,NA,NA,NA,NA,NA,NA,NA,0,0,0,0,0,0,0,0
,9.342464,0,0,NA,NA,NA,NA,NA,NA,NA,0,0,0,0,0,0,0,0
,9.343506,0,0,NA,NA,NA,NA,NA,NA,NA,0,0,0,0,0,0,0,0
,9.344569,0,0,NA,NA,NA,NA,NA,NA,NA,0,0,0,0,0,0,0,0
,9.345588,0,0,NA,NA,NA,NA,NA,NA,NA,0,0,0,0,0,0,0,0
,9.34661,0,0,NA,NA,NA,NA,NA,NA,NA,0,0,0,0,0,0,0,0
,9.347631,0,0,NA,NA,NA,NA,NA,NA,NA,0,0,0,0,0,0,0,0
,9.348794,0,0,NA,NA,NA,NA,NA,NA,NA,0,0,0,0,0,0,0,0
,9.349854,0,0,NA,NA,NA,NA,NA,NA,NA,0,0,0,0,0,0,0,0
,9.350951,0,0,NA,NA,NA,NA,NA,NA,NA,0,0,0,0,0,0,0,0
,9.352009,0,0,NA,NA,NA,NA,NA,NA,NA,0,0,0,0,0,0,0,0
,9.353083,0,0,NA,NA,NA,NA,NA,NA,NA,0,0,0,0,0,0,0,0
,9.35409,0,0,NA,NA,NA,NA,NA,NA,NA,0,0,0,0,0,0,0,0
,9.355134,0,0,NA,NA,NA,NA,NA,NA,NA,0,0,0,0,0,0,0,0
,9.356153,0,0,NA,NA,NA,NA,NA,NA,NA,0,0,0,0,0,0,0,0
,9.357175,0,0,NA,NA,NA,NA,NA,NA,NA,0,0,0,0,0,0,0,0
,9.358189,0,0,NA,NA,NA,NA,NA,NA,NA,0,0,0,0,0,0,0,0
,9.359195,0,0,NA,NA,NA,NA,NA,NA,NA,0,0,0,0,0,0,0,0
,9.36024,0,0,NA,NA,NA,NA,NA,NA,NA,0,0,0,0,0,0,0,0
,9.361456,0,0,NA,NA,NA,NA,NA,NA,NA,0,0,0,0,0,0,0,0
,9.362483,0,0,NA,NA,NA,NA,NA,NA,NA,0,0,0,0,0,0,0,0
,9.363495,0,0,NA,NA,NA,NA,NA,NA,NA,0,0,0,0,0,0,0,0
,9.364553,0,0,NA,NA,NA,NA,NA,NA,NA,0,0,0,0,0,0,0,0
,9.365756,0,0,NA,NA,NA,NA,NA,NA,NA,0,0,0,0,0,0,0,0
,9.366861,0,0,NA,NA,NA,NA,NA,NA,NA,0,0,0,0,0,0,0,0
,9.367928,0,0,NA,NA,NA,NA,NA,NA,NA,0,0,0,0,0,0,0,0
,9.369913,0,0,NA,NA,NA,NA,NA,NA,NA,0,0,0,0,0,0,0,0
,9.37106,0,0,NA,NA,NA,NA,NA,NA,NA,0,0,0,0,0,0,0,0
,9.372197,0,0,NA,NA,NA,NA,NA,NA,NA,0,0,0,0,0,0,0,0
,9.373238,0,0,NA,NA,NA,NA,NA,NA,NA,0,0,0,0,0,0,0,0
,9.374264,0,0,NA,NA,NA,NA,NA,NA,NA,0,0,0,0,0,0,0,0
,9.37588,0,0,NA,NA,NA,NA,NA,NA,NA,0,0,0,0,0,0,0,0
,9.377,0,0,NA,NA,NA,NA,NA,NA,NA,0,0,0,0,0,0,0,0
,9.378316,0,0,NA,NA,NA,NA,NA,NA,NA,0,0,0,0,0,0,0,0
,9.379399,0,0,NA,NA,NA,NA,NA,NA,NA,0,0,0,0,0,0,0,0
,9.380789,0,0,NA,NA,NA,NA,NA,NA,NA,0,0,0,0,0,0,0,0
,9.381947,0,0,NA,NA,NA,NA,NA,NA,NA,0,0,0,0,0,0,0,0
,9.383243,0,0,NA,NA,NA,NA,NA,NA,NA,0,0,0,0,0,0,0,0
,9.384271,0,0,NA,NA,NA,NA,NA,NA,NA,0,0,0,0,0,0,0,0
,9.385365,0,0,NA,NA,NA,NA,NA,NA,NA,0,0,0,0,0,0,0,0
,9.386752,0,0,NA,NA,NA,NA,NA,NA,NA,0,0,0,0,0,0,0,0
,9.388963,0,0,NA,NA,NA,NA,NA,NA,NA,0,0,0,0,0,0,0,0
,9.390222,0,0,NA,NA,NA,NA,NA,NA,NA,0,0,0,0,0,0,0,0
,9.391737,0,0,NA,NA,NA,NA,NA,NA,NA,0,0,0,0,0,0,0,0
,9.392799,0,0,NA,NA,NA,NA,NA,NA,NA,0,0,0,0,0,0,0,0
,9.394278,0,0,NA,NA,NA,NA,NA,NA,NA,0,0,0,0,0,0,0,0
,9.395366,0,0,NA,NA,NA,NA,NA,NA,NA,0,0,0,0,0,0,0,0
,9.396751,0,0,NA,NA,NA,NA,NA,NA,NA,0,0,0,0,0,0,0,0
,9.398082,0,0,NA,NA,NA,NA,NA,NA,NA,0,0,0,0,0,0,0,0
,9.399193,0,0,NA,NA,NA,NA,NA,NA,NA,0,0,0,0,0,0,0,0
,9.400553,0,0,NA,NA,NA,NA,NA,NA,NA,0,0,0,0,0,0,0,0
,9.402061,0,0,NA,NA,NA,NA,NA,NA,NA,0,0,0,0,0,0,0,0
,9.403143,0,0,NA,NA,NA,NA,NA,NA,NA,0,0,0,0,0,0,0,0
,9.404531,0,0,NA,NA,NA,NA,NA,NA,NA,0,0,0,0,0,0,0,0
,9.405641,0,0,NA,NA,NA,NA,NA,NA,NA,0,0,0,0,0,0,0,0
,9.406667,0,0,NA,NA,NA,NA,NA,NA,NA,0,0,0,0,0,0,0,0
,9.407985,0,0,NA,NA,NA,NA,NA,NA,NA,0,0,0,0,0,0,0,0
,9.409079,0,0,NA,NA,NA,NA,NA,NA,NA,0,0,0,0,0,0,0,0
,9.41018,0,0,NA,NA,NA,NA,NA,NA,NA,0,0,0,0,0,0,0,0
,9.411559,0,0,NA,NA,NA,NA,NA,NA,NA,0,0,0,0,0,0,0,0
,9.412991,0,0,NA,NA,NA,NA,NA,NA,NA,0,0,0,0,0,0,0,0
,9.414071,0,0,NA,NA,NA,NA,NA,NA,NA,0,0,0,0,0,0,0,0
,9.415112,0,0,NA,NA,NA,NA,NA,NA,NA,0,0,0,0,0,0,0,0
,9.41612,0,0,NA,NA,NA,NA,NA,NA,NA,0,0,0,0,0,0,0,0
,9.4172,0,0,NA,NA,NA,NA,NA,NA,NA,0,0,0,0,0,0,0,0
,9.418284,0,0,NA,NA,NA,NA,NA,NA,NA,0,0,0,0,0,0,0,0
,9.419333,0,0,NA,NA,NA,NA,NA,NA,NA,0,0,0,0,0,0,0,0
,9.420424,0,0,NA,NA,NA,NA,NA,NA,NA,0,0,0,0,0,0,0,0
,9.421926,0,0,NA,NA,NA,NA,NA,NA,NA,0,0,0,0,0,0,0,0
,9.42303,0,0,NA,NA,NA,NA,NA,NA,NA,0,0,0,0,0,0,0,0
,9.424346,0,0,NA,NA,NA,NA,NA,NA,NA,0,0,0,0,0,0,0,0
,9.42539,0,0,NA,NA,NA,NA,NA,NA,NA,0,0,0,0,0,0,0,0
,9.426497,0,0,NA,NA,NA,NA,NA,NA,NA,0,0,0,0,0,0,0,0
,9.427509,0,0,NA,NA,NA,NA,NA,NA,NA,0,0,0,0,0,0,0,0
,9.428719,0,0,NA,NA,NA,NA,NA,NA,NA,0,0,0,0,0,0,0,0
,9.430099,0,0,NA,NA,NA,NA,NA,NA,NA,0,0,0,0,0,0,0,0
,9.431557,0,0,NA,NA,NA,NA,NA,NA,NA,0,0,0,0,0,0,0,0
,9.432611,0,0,NA,NA,NA,NA,NA,NA,NA,0,0,0,0,0,0,0,0
,9.433629,0,0,NA,NA,NA,NA,NA,NA,NA,0,0,0,0,0,0,0,0
,9.434652,0,0,NA,NA,NA,NA,NA,NA,NA,0,0,0,0,0,0,0,0
,9.435665,0,0,NA,NA,NA,NA,NA,NA,NA,0,0,0,0,0,0,0,0
,9.436674,0,0,NA,NA,NA,NA,NA,NA,NA,0,0,0,0,0,0,0,0
,9.437681,0,0,NA,NA,NA,NA,NA,NA,NA,0,0,0,0,0,0,0,0
,9.438763,0,0,NA,NA,NA,NA,NA,NA,NA,0,0,0,0,0,0,0,0
,9.439893,0,0,NA,NA,NA,NA,NA,NA,NA,0,0,0,0,0,0,0,0
,9.440938,0,0,NA,NA,NA,NA,NA,NA,NA,0,0,0,0,0,0,0,0
,9.442096,0,0,NA,NA,NA,NA,NA,NA,NA,0,0,0,0,0,0,0,0
,9.443112,0,0,NA,NA,NA,NA,NA,NA,NA,0,0,0,0,0,0,0,0
,9.444272,0,0,NA,NA,NA,NA,NA,NA,NA,0,0,0,0,0,0,0,0
,9.44532,0,0,NA,NA,NA,NA,NA,NA,NA,0,0,0,0,0,0,0,0
,9.446347,0,0,NA,NA,NA,NA,NA,NA,NA,0,0,0,0,0,0,0,0
,9.44746,0,0,NA,NA,NA,NA,NA,NA,NA,0,0,0,0,0,0,0,0
,9.448499,0,0,NA,NA,NA,NA,NA,NA,NA,0,0,0,0,0,0,0,0
,9.449535,0,0,NA,NA,NA,NA,NA,NA,NA,0,0,0,0,0,0,0,0
,9.450549,0,0,NA,NA,NA,NA,NA,NA,NA,0,0,0,0,0,0,0,0
,9.451571,0,0,NA,NA,NA,NA,NA,NA,NA,0,0,0,0,0,0,0,0
,9.452618,0,0,NA,NA,NA,NA,NA,NA,NA,0,0,0,0,0,0,0,0
,9.453694,0,0,NA,NA,NA,NA,NA,NA,NA,0,0,0,0,0,0,0,0
,9.454797,0,0,NA,NA,NA,NA,NA,NA,NA,0,0,0,0,0,0,0,0
,9.45583,0,0,NA,NA,NA,NA,NA,NA,NA,0,0,0,0,0,0,0,0
,9.45686,0,0,NA,NA,NA,NA,NA,NA,NA,0,0,0,0,0,0,0,0
,9.458035,0,0,NA,NA,NA,NA,NA,NA,NA,0,0,0,0,0,0,0,0
,9.459057,0,0,NA,NA,NA,NA,NA,NA,NA,0,0,0,0,0,0,0,0
,9.460263,0,0,NA,NA,NA,NA,NA,NA,NA,0,0,0,0,0,0,0,0
,9.461432,0,0,NA,NA,NA,NA,NA,NA,NA,0,0,0,0,0,0,0,0
,9.462462,0,0,NA,NA,NA,NA,NA,NA,NA,0,0,0,0,0,0,0,0
,9.463573,0,0,NA,NA,NA,NA,NA,NA,NA,0,0,0,0,0,0,0,0
,9.464602,0,0,NA,NA,NA,NA,NA,NA,NA,0,0,0,0,0,0,0,0
,9.465832,0,0,NA,NA,NA,NA,NA,NA,NA,0,0,0,0,0,0,0,0
,9.466899,0,0,NA,NA,NA,NA,NA,NA,NA,0,0,0,0,0,0,0,0
,9.467913,0,0,NA,NA,NA,NA,NA,NA,NA,0,0,0,0,0,0,0,0
,9.468941,0,0,NA,NA,NA,NA,NA,NA,NA,0,0,0,0,0,0,0,0
,9.469953,0,0,NA,NA,NA,NA,NA,NA,NA,0,0,0,0,0,0,0,0
,9.470966,0,0,NA,NA,NA,NA,NA,NA,NA,0,0,0,0,0,0,0,0
,9.471979,0,0,NA,NA,NA,NA,NA,NA,NA,0,0,0,0,0,0,0,0
,9.473007,0,0,NA,NA,NA,NA,NA,NA,NA,0,0,0,0,0,0,0,0
,9.474113,0,0,NA,NA,NA,NA,NA,NA,NA,0,0,0,0,0,0,0,0
,9.475153,0,0,NA,NA,NA,NA,NA,NA,NA,0,0,0,0,0,0,0,0
,9.476156,0,0,NA,NA,NA,NA,NA,NA,NA,0,0,0,0,0,0,0,0
,9.477167,0,0,NA,NA,NA,NA,NA,NA,NA,0,0,0,0,0,0,0,0
,9.478311,0,0,NA,NA,NA,NA,NA,NA,NA,0,0,0,0,0,0,0,0
,9.479342,0,0,NA,NA,NA,NA,NA,NA,NA,0,0,0,0,0,0,0,0
,9.480364,0,0,NA,NA,NA,NA,NA,NA,NA,0,0,0,0,0,0,0,0
,9.481518,0,0,NA,NA,NA,NA,NA,NA,NA,0,0,0,0,0,0,0,0
,9.482564,0,0,NA,NA,NA,NA,NA,NA,NA,0,0,0,0,0,0,0,0
,9.4836,0,0,NA,NA,NA,NA,NA,NA,NA,0,0,0,0,0,0,0,0
,9.484621,0,0,NA,NA,NA,NA,NA,NA,NA,0,0,0,0,0,0,0,0
,9.485645,0,0,NA,NA,NA,NA,NA,NA,NA,0,0,0,0,0,0,0,0
,9.486658,0,0,NA,NA,NA,NA,NA,NA,NA,0,0,0,0,0,0,0,0
,9.487676,0,0,NA,NA,NA,NA,NA,NA,NA,0,0,0,0,0,0,0,0
,9.488688,0,0,NA,NA,NA,NA,NA,NA,NA,0,0,0,0,0,0,0,0
,9.489703,0,0,NA,NA,NA,NA,NA,NA,NA,0,0,0,0,0,0,0,0
,9.497206,0,0,NA,NA,NA,NA,NA,NA,NA,0,0,0,0,0,0,0,0
,9.500897,0,0,NA,NA,NA,NA,NA,NA,NA,0,0,0,0,0,0,0,0
,9.502166,0,0,NA,NA,NA,NA,NA,NA,NA,0,0,0,0,0,0,0,0
,9.503211,0,0,NA,NA,NA,NA,NA,NA,NA,0,0,0,0,0,0,0,0
,9.504244,0,0,NA,NA,NA,NA,NA,NA,NA,0,0,0,0,0,0,0,0
,9.505325,0,0,NA,NA,NA,NA,NA,NA,NA,0,0,0,0,0,0,0,0
,9.506472,0,0,NA,NA,NA,NA,NA,NA,NA,0,0,0,0,0,0,0,0
,9.5075,0,0,NA,NA,NA,NA,NA,NA,NA,0,0,0,0,0,0,0,0
,9.508543,0,0,NA,NA,NA,NA,NA,NA,NA,0,0,0,0,0,0,0,0
,9.509586,0,0,NA,NA,NA,NA,NA,NA,NA,0,0,0,0,0,0,0,0
,9.510602,0,0,NA,NA,NA,NA,NA,NA,NA,0,0,0,0,0,0,0,0
,9.511639,0,0,NA,NA,NA,NA,NA,NA,NA,0,0,0,0,0,0,0,0
,9.512656,0,0,NA,NA,NA,NA,NA,NA,NA,0,0,0,0,0,0,0,0
,9.513668,0,0,NA,NA,NA,NA,NA,NA,NA,0,0,0,0,0,0,0,0
,9.514688,0,0,NA,NA,NA,NA,NA,NA,NA,0,0,0,0,0,0,0,0
,9.515735,0,0,NA,NA,NA,NA,NA,NA,NA,0,0,0,0,0,0,0,0
,9.516787,0,0,NA,NA,NA,NA,NA,NA,NA,0,0,0,0,0,0,0,0
,9.517825,0,0,NA,NA,NA,NA,NA,NA,NA,0,0,0,0,0,0,0,0
,9.518845,0,0,NA,NA,NA,NA,NA,NA,NA,0,0,0,0,0,0,0,0
,9.519862,0,0,NA,NA,NA,NA,NA,NA,NA,0,0,0,0,0,0,0,0
,9.520878,0,0,NA,NA,NA,NA,NA,NA,NA,0,0,0,0,0,0,0,0
,9.522097,0,0,NA,NA,NA,NA,NA,NA,NA,0,0,0,0,0,0,0,0
,9.523314,0,0,NA,NA,NA,NA,NA,NA,NA,0,0,0,0,0,0,0,0
,9.5244,0,0,NA,NA,NA,NA,NA,NA,NA,0,0,0,0,0,0,0,0
,9.525506,0,0,NA,NA,NA,NA,NA,NA,NA,0,0,0,0,0,0,0,0
,9.526566,0,0,NA,NA,NA,NA,NA,NA,NA,0,0,0,0,0,0,0,0
,9.527657,0,0,NA,NA,NA,NA,NA,NA,NA,0,0,0,0,0,0,0,0
,9.528683,0,0,NA,NA,NA,NA,NA,NA,NA,0,0,0,0,0,0,0,0
,9.529706,0,0,NA,NA,NA,NA,NA,NA,NA,0,0,0,0,0,0,0,0
,9.530726,0,0,NA,NA,NA,NA,NA,NA,NA,0,0,0,0,0,0,0,0
,9.531758,0,0,NA,NA,NA,NA,NA,NA,NA,0,0,0,0,0,0,0,0
,9.532822,0,0,NA,NA,NA,NA,NA,NA,NA,0,0,0,0,0,0,0,0
,9.533834,0,0,NA,NA,NA,NA,NA,NA,NA,0,0,0,0,0,0,0,0
,9.534863,0,0,NA,NA,NA,NA,NA,NA,NA,0,0,0,0,0,0,0,0
,9.535925,0,0,NA,NA,NA,NA,NA,NA,NA,0,0,0,0,0,0,0,0
,9.536933,0,0,NA,NA,NA,NA,NA,NA,NA,0,0,0,0,0,0,0,0
,9.537944,0,0,NA,NA,NA,NA,NA,NA,NA,0,0,0,0,0,0,0,0
,9.538992,0,0,NA,NA,NA,NA,NA,NA,NA,0,0,0,0,0,0,0,0
,9.539999,0,0,NA,NA,NA,NA,NA,NA,NA,0,0,0,0,0,0,0,0
,9.541047,0,0,NA,NA,NA,NA,NA,NA,NA,0,0,0,0,0,0,0,0
,9.542215,0,0,NA,NA,NA,NA,NA,NA,NA,0,0,0,0,0,0,0,0
,9.543272,0,0,NA,NA,NA,NA,NA,NA,NA,0,0,0,0,0,0,0,0
,9.544377,0,0,NA,NA,NA,NA,NA,NA,NA,0,0,0,0,0,0,0,0
,9.54541,0,0,NA,NA,NA,NA,NA,NA,NA,0,0,0,0,0,0,0,0
,9.546425,0,0,NA,NA,NA,NA,NA,NA,NA,0,0,0,0,0,0,0,0
,9.547431,0,0,NA,NA,NA,NA,NA,NA,NA,0,0,0,0,0,0,0,0
,9.548442,0,0,NA,NA,NA,NA,NA,NA,NA,0,0,0,0,0,0,0,0
,9.549467,0,0,NA,NA,NA,NA,NA,NA,NA,0,0,0,0,0,0,0,0
,9.550495,0,0,NA,NA,NA,NA,NA,NA,NA,0,0,0,0,0,0,0,0
,9.551723,0,0,NA,NA,NA,NA,NA,NA,NA,0,0,0,0,0,0,0,0
,9.552788,0,0,NA,NA,NA,NA,NA,NA,NA,0,0,0,0,0,0,0,0
,9.553829,0,0,NA,NA,NA,NA,NA,NA,NA,0,0,0,0,0,0,0,0
,9.554916,0,0,NA,NA,NA,NA,NA,NA,NA,0,0,0,0,0,0,0,0
,9.555951,0,0,NA,NA,NA,NA,NA,NA,NA,0,0,0,0,0,0,0,0
,9.556968,0,0,NA,NA,NA,NA,NA,NA,NA,0,0,0,0,0,0,0,0
,9.557985,0,0,NA,NA,NA,NA,NA,NA,NA,0,0,0,0,0,0,0,0
,9.559005,0,0,NA,NA,NA,NA,NA,NA,NA,0,0,0,0,0,0,0,0
,9.560044,0,0,NA,NA,NA,NA,NA,NA,NA,0,0,0,0,0,0,0,0
,9.561243,0,0,NA,NA,NA,NA,NA,NA,NA,0,0,0,0,0,0,0,0
,9.562302,0,0,NA,NA,NA,NA,NA,NA,NA,0,0,0,0,0,0,0,0
,9.563309,0,0,NA,NA,NA,NA,NA,NA,NA,0,0,0,0,0,0,0,0
,9.564386,0,0,NA,NA,NA,NA,NA,NA,NA,0,0,0,0,0,0,0,0
,9.565455,0,0,NA,NA,NA,NA,NA,NA,NA,0,0,0,0,0,0,0,0
,9.566542,0,0,NA,NA,NA,NA,NA,NA,NA,0,0,0,0,0,0,0,0
,9.567556,0,0,NA,NA,NA,NA,NA,NA,NA,0,0,0,0,0,0,0,0
,9.568583,0,0,NA,NA,NA,NA,NA,NA,NA,0,0,0,0,0,0,0,0
,9.569625,0,0,NA,NA,NA,NA,NA,NA,NA,0,0,0,0,0,0,0,0
,9.570826,0,0,NA,NA,NA,NA,NA,NA,NA,0,0,0,0,0,0,0,0
,9.57186,0,0,NA,NA,NA,NA,NA,NA,NA,0,0,0,0,0,0,0,0
,9.572928,0,0,NA,NA,NA,NA,NA,NA,NA,0,0,0,0,0,0,0,0
,9.573951,0,0,NA,NA,NA,NA,NA,NA,NA,0,0,0,0,0,0,0,0
,9.579352,0,0,NA,NA,NA,NA,NA,NA,NA,0,0,0,0,0,0,0,0
,9.581225,0,0,NA,NA,NA,NA,NA,NA,NA,0,0,0,0,0,0,0,0
,9.582688,0,0,NA,NA,NA,NA,NA,NA,NA,0,0,0,0,0,0,0,0
,9.583734,0,0,NA,NA,NA,NA,NA,NA,NA,0,0,0,0,0,0,0,0
,9.584784,0,0,NA,NA,NA,NA,NA,NA,NA,0,0,0,0,0,0,0,0
,9.585833,0,0,NA,NA,NA,NA,NA,NA,NA,0,0,0,0,0,0,0,0
,9.586919,0,0,NA,NA,NA,NA,NA,NA,NA,0,0,0,0,0,0,0,0
,9.58796,0,0,NA,NA,NA,NA,NA,NA,NA,0,0,0,0,0,0,0,0
,9.588969,0,0,NA,NA,NA,NA,NA,NA,NA,0,0,0,0,0,0,0,0
,9.589971,0,0,NA,NA,NA,NA,NA,NA,NA,0,0,0,0,0,0,0,0
,9.590983,0,0,NA,NA,NA,NA,NA,NA,NA,0,0,0,0,0,0,0,0
,9.591985,0,0,NA,NA,NA,NA,NA,NA,NA,0,0,0,0,0,0,0,0
,9.592995,0,0,NA,NA,NA,NA,NA,NA,NA,0,0,0,0,0,0,0,0
,9.594014,0,0,NA,NA,NA,NA,NA,NA,NA,0,0,0,0,0,0,0,0
,9.595021,0,0,NA,NA,NA,NA,NA,NA,NA,0,0,0,0,0,0,0,0
,9.596068,0,0,NA,NA,NA,NA,NA,NA,NA,0,0,0,0,0,0,0,0
,9.597087,0,0,NA,NA,NA,NA,NA,NA,NA,0,0,0,0,0,0,0,0
,9.598095,0,0,NA,NA,NA,NA,NA,NA,NA,0,0,0,0,0,0,0,0
,9.599092,0,0,NA,NA,NA,NA,NA,NA,NA,0,0,0,0,0,0,0,0
,9.600085,0,0,NA,NA,NA,NA,NA,NA,NA,0,0,0,0,0,0,0,0
,9.601214,0,0,NA,NA,NA,NA,NA,NA,NA,0,0,0,0,0,0,0,0
,9.602265,0,0,NA,NA,NA,NA,NA,NA,NA,0,0,0,0,0,0,0,0
,9.60334,0,0,NA,NA,NA,NA,NA,NA,NA,0,0,0,0,0,0,0,0
,9.604396,0,0,NA,NA,NA,NA,NA,NA,NA,0,0,0,0,0,0,0,0
,9.605435,0,0,NA,NA,NA,NA,NA,NA,NA,0,0,0,0,0,0,0,0
,9.606435,0,0,NA,NA,NA,NA,NA,NA,NA,0,0,0,0,0,0,0,0
,9.607427,0,0,NA,NA,NA,NA,NA,NA,NA,0,0,0,0,0,0,0,0
,9.608418,0,0,NA,NA,NA,NA,NA,NA,NA,0,0,0,0,0,0,0,0
,9.609426,0,0,NA,NA,NA,NA,NA,NA,NA,0,0,0,0,0,0,0,0
,9.610441,0,0,NA,NA,NA,NA,NA,NA,NA,0,0,0,0,0,0,0,0
,9.611448,0,0,NA,NA,NA,NA,NA,NA,NA,0,0,0,0,0,0,0,0
,9.612477,0,0,NA,NA,NA,NA,NA,NA,NA,0,0,0,0,0,0,0,0
,9.613575,0,0,NA,NA,NA,NA,NA,NA,NA,0,0,0,0,0,0,0,0
,9.614598,0,0,NA,NA,NA,NA,NA,NA,NA,0,0,0,0,0,0,0,0
,9.615602,0,0,NA,NA,NA,NA,NA,NA,NA,0,0,0,0,0,0,0,0
,9.616615,0,0,NA,NA,NA,NA,NA,NA,NA,0,0,0,0,0,0,0,0
,9.617616,0,0,NA,NA,NA,NA,NA,NA,NA,0,0,0,0,0,0,0,0
,9.618692,0,0,NA,NA,NA,NA,NA,NA,NA,0,0,0,0,0,0,0,0
,9.619699,0,0,NA,NA,NA,NA,NA,NA,NA,0,0,0,0,0,0,0,0
,9.620712,0,0,NA,NA,NA,NA,NA,NA,NA,0,0,0,0,0,0,0,0
,9.621902,0,0,NA,NA,NA,NA,NA,NA,NA,0,0,0,0,0,0,0,0
,9.622925,0,0,NA,NA,NA,NA,NA,NA,NA,0,0,0,0,0,0,0,0
,9.623922,0,0,NA,NA,NA,NA,NA,NA,NA,0,0,0,0,0,0,0,0
,9.624929,0,0,NA,NA,NA,NA,NA,NA,NA,0,0,0,0,0,0,0,0
,9.625919,0,0,NA,NA,NA,NA,NA,NA,NA,0,0,0,0,0,0,0,0
,9.62692,0,0,NA,NA,NA,NA,NA,NA,NA,0,0,0,0,0,0,0,0
,9.627949,0,0,NA,NA,NA,NA,NA,NA,NA,0,0,0,0,0,0,0,0
,9.628959,0,0,NA,NA,NA,NA,NA,NA,NA,0,0,0,0,0,0,0,0
,9.629999,0,0,NA,NA,NA,NA,NA,NA,NA,0,0,0,0,0,0,0,0
,9.631164,0,0,NA,NA,NA,NA,NA,NA,NA,0,0,0,0,0,0,0,0
,9.632171,0,0,NA,NA,NA,NA,NA,NA,NA,0,0,0,0,0,0,0,0
,9.633208,0,0,NA,NA,NA,NA,NA,NA,NA,0,0,0,0,0,0,0,0
,9.634282,0,0,NA,NA,NA,NA,NA,NA,NA,0,0,0,0,0,0,0,0
,9.635413,0,0,NA,NA,NA,NA,NA,NA,NA,0,0,0,0,0,0,0,0
,9.636495,0,0,NA,NA,NA,NA,NA,NA,NA,0,0,0,0,0,0,0,0
,9.637569,0,0,NA,NA,NA,NA,NA,NA,NA,0,0,0,0,0,0,0,0
,9.638614,0,0,NA,NA,NA,NA,NA,NA,NA,0,0,0,0,0,0,0,0
,9.639632,0,0,NA,NA,NA,NA,NA,NA,NA,0,0,0,0,0,0,0,0
,9.64064,0,0,NA,NA,NA,NA,NA,NA,NA,0,0,0,0,0,0,0,0
,9.641768,0,0,NA,NA,NA,NA,NA,NA,NA,0,0,0,0,0,0,0,0
,9.642775,0,0,NA,NA,NA,NA,NA,NA,NA,0,0,0,0,0,0,0,0
,9.643769,0,0,NA,NA,NA,NA,NA,NA,NA,0,0,0,0,0,0,0,0
,9.644827,0,0,NA,NA,NA,NA,NA,NA,NA,0,0,0,0,0,0,0,0
,9.64585,0,0,NA,NA,NA,NA,NA,NA,NA,0,0,0,0,0,0,0,0
,9.646868,0,0,NA,NA,NA,NA,NA,NA,NA,0,0,0,0,0,0,0,0
,9.647889,0,0,NA,NA,NA,NA,NA,NA,NA,0,0,0,0,0,0,0,0
,9.648901,0,0,NA,NA,NA,NA,NA,NA,NA,0,0,0,0,0,0,0,0
,9.650048,0,0,NA,NA,NA,NA,NA,NA,NA,0,0,0,0,0,0,0,0
,9.65108,0,0,NA,NA,NA,NA,NA,NA,NA,0,0,0,0,0,0,0,0
,9.655066,0,0,NA,NA,NA,NA,NA,NA,NA,0,0,0,0,0,0,0,0
,9.656446,0,0,NA,NA,NA,NA,NA,NA,NA,0,0,0,0,0,0,0,0
,9.657629,0,0,NA,NA,NA,NA,NA,NA,NA,0,0,0,0,0,0,0,0
,9.658682,0,0,NA,NA,NA,NA,NA,NA,NA,0,0,0,0,0,0,0,0
,9.659714,0,0,NA,NA,NA,NA,NA,NA,NA,0,0,0,0,0,0,0,0
,9.660734,0,0,NA,NA,NA,NA,NA,NA,NA,0,0,0,0,0,0,0,0
,9.661933,0,0,NA,NA,NA,NA,NA,NA,NA,0,0,0,0,0,0,0,0
,9.663059,0,0,NA,NA,NA,NA,NA,NA,NA,0,0,0,0,0,0,0,0
,9.664176,0,0,NA,NA,NA,NA,NA,NA,NA,0,0,0,0,0,0,0,0
,9.665423,0,0,NA,NA,NA,NA,NA,NA,NA,0,0,0,0,0,0,0,0
,9.666809,0,0,NA,NA,NA,NA,NA,NA,NA,0,0,0,0,0,0,0,0
,9.6679,0,0,NA,NA,NA,NA,NA,NA,NA,0,0,0,0,0,0,0,0
,9.668951,0,0,NA,NA,NA,NA,NA,NA,NA,0,0,0,0,0,0,0,0
,9.669979,0,0,NA,NA,NA,NA,NA,NA,NA,0,0,0,0,0,0,0,0
,9.671009,0,0,NA,NA,NA,NA,NA,NA,NA,0,0,0,0,0,0,0,0
,9.672029,0,0,NA,NA,NA,NA,NA,NA,NA,0,0,0,0,0,0,0,0
,9.673114,0,0,NA,NA,NA,NA,NA,NA,NA,0,0,0,0,0,0,0,0
,9.674197,0,0,NA,NA,NA,NA,NA,NA,NA,0,0,0,0,0,0,0,0
,9.675241,0,0,NA,NA,NA,NA,NA,NA,NA,0,0,0,0,0,0,0,0
,9.676253,0,0,NA,NA,NA,NA,NA,NA,NA,0,0,0,0,0,0,0,0
,9.677289,0,0,NA,NA,NA,NA,NA,NA,NA,0,0,0,0,0,0,0,0
,9.678299,0,0,NA,NA,NA,NA,NA,NA,NA,0,0,0,0,0,0,0,0
,9.679313,0,0,NA,NA,NA,NA,NA,NA,NA,0,0,0,0,0,0,0,0
,9.680348,0,0,NA,NA,NA,NA,NA,NA,NA,0,0,0,0,0,0,0,0
,9.681544,0,0,NA,NA,NA,NA,NA,NA,NA,0,0,0,0,0,0,0,0
,9.682821,0,0,NA,NA,NA,NA,NA,NA,NA,0,0,0,0,0,0,0,0
,9.683913,0,0,NA,NA,NA,NA,NA,NA,NA,0,0,0,0,0,0,0,0
,9.684954,0,0,NA,NA,NA,NA,NA,NA,NA,0,0,0,0,0,0,0,0
,9.685976,0,0,NA,NA,NA,NA,NA,NA,NA,0,0,0,0,0,0,0,0
,9.686997,0,0,NA,NA,NA,NA,NA,NA,NA,0,0,0,0,0,0,0,0
,9.688025,0,0,NA,NA,NA,NA,NA,NA,NA,0,0,0,0,0,0,0,0
,9.689076,0,0,NA,NA,NA,NA,NA,NA,NA,0,0,0,0,0,0,0,0
,9.690117,0,0,NA,NA,NA,NA,NA,NA,NA,0,0,0,0,0,0,0,0
,9.691179,0,0,NA,NA,NA,NA,NA,NA,NA,0,0,0,0,0,0,0,0
,9.692197,0,0,NA,NA,NA,NA,NA,NA,NA,0,0,0,0,0,0,0,0
,9.693194,0,0,NA,NA,NA,NA,NA,NA,NA,0,0,0,0,0,0,0,0
,9.694193,0,0,NA,NA,NA,NA,NA,NA,NA,0,0,0,0,0,0,0,0
,9.695184,0,0,NA,NA,NA,NA,NA,NA,NA,0,0,0,0,0,0,0,0
,9.696195,0,0,NA,NA,NA,NA,NA,NA,NA,0,0,0,0,0,0,0,0
,9.697297,0,0,NA,NA,NA,NA,NA,NA,NA,0,0,0,0,0,0,0,0
,9.69838,0,0,NA,NA,NA,NA,NA,NA,NA,0,0,0,0,0,0,0,0
,9.699461,0,0,NA,NA,NA,NA,NA,NA,NA,0,0,0,0,0,0,0,0
,9.700554,0,0,NA,NA,NA,NA,NA,NA,NA,0,0,0,0,0,0,0,0
,9.701731,0,0,NA,NA,NA,NA,NA,NA,NA,0,0,0,0,0,0,0,0
,9.70278,0,0,NA,NA,NA,NA,NA,NA,NA,0,0,0,0,0,0,0,0
,9.703815,0,0,NA,NA,NA,NA,NA,NA,NA,0,0,0,0,0,0,0,0
,9.704817,0,0,NA,NA,NA,NA,NA,NA,NA,0,0,0,0,0,0,0,0
,9.70583,0,0,NA,NA,NA,NA,NA,NA,NA,0,0,0,0,0,0,0,0
,9.70684,0,0,NA,NA,NA,NA,NA,NA,NA,0,0,0,0,0,0,0,0
,9.707872,0,0,NA,NA,NA,NA,NA,NA,NA,0,0,0,0,0,0,0,0
,9.708921,0,0,NA,NA,NA,NA,NA,NA,NA,0,0,0,0,0,0,0,0
,9.709935,0,0,NA,NA,NA,NA,NA,NA,NA,0,0,0,0,0,0,0,0
,9.710943,0,0,NA,NA,NA,NA,NA,NA,NA,0,0,0,0,0,0,0,0
,9.71193,0,0,NA,NA,NA,NA,NA,NA,NA,0,0,0,0,0,0,0,0
,9.712989,0,0,NA,NA,NA,NA,NA,NA,NA,0,0,0,0,0,0,0,0
,9.714033,0,0,NA,NA,NA,NA,NA,NA,NA,0,0,0,0,0,0,0,0
,9.715056,0,0,NA,NA,NA,NA,NA,NA,NA,0,0,0,0,0,0,0,0
,9.716124,0,0,NA,NA,NA,NA,NA,NA,NA,0,0,0,0,0,0,0,0
,9.717249,0,0,NA,NA,NA,NA,NA,NA,NA,0,0,0,0,0,0,0,0
